position_id,trader_id,strategy_id,instrument_id,account_id,opening_order_id,closing_order_id,entry,side,quantity,peak_qty,ts_opened,ts_last,ts_closed,duration_ns,avg_px_open,avg_px_close,commissions,realized_return,realized_pnl
BINANCE-1-001,BACKTESTER-001,ModelStrategy-000,BTCUSDT.BINANCE,BINANCE-001,O-20240401-200000-001-000-1,O-20240402-010000-001-000-2,SELL,FLAT,0.000000,0.071578,2024-04-01 20:00:00+00:00,1712019600000000000,2024-04-02 01:00:00+00:00,18000000000000.0,69853.869999999,66000.0,['9.72414831 USDT'],0.05517,266.12815855 USDT
BINANCE-1-002,BACKTESTER-001,ModelStrategy-000,BTCUSDT.BINANCE,BINANCE-001,O-20240402-010000-001-000-3,O-20240402-030000-001-000-4,BUY,FLAT,0.000000,0.075758,2024-04-02 01:00:00+00:00,1712026800000000000,2024-04-02 03:00:00+00:00,7200000000000.0,66000.0,66764.64,['10.05798360 USDT'],0.01159,47.86961352 USDT
BINANCE-1-003,BACKTESTER-001,ModelStrategy-000,BTCUSDT.BINANCE,BINANCE-001,O-20240402-030000-001-000-5,O-20240402-060000-001-000-6,SELL,FLAT,0.000000,0.074890,2024-04-02 03:00:00+00:00,1712037600000000000,2024-04-02 06:00:00+00:00,10800000000000.0,66764.64,66446.22,['9.97616131 USDT'],0.00477,13.87031249 USDT
BINANCE-1-004,BACKTESTER-001,ModelStrategy-000,BTCUSDT.BINANCE,BINANCE-001,O-20240402-060000-001-000-7,O-20240402-070000-001-000-8,BUY,FLAT,0.000000,0.075249,2024-04-02 06:00:00+00:00,1712041200000000000,2024-04-02 07:00:00+00:00,3600000000000.0,66446.22,66106.58,['9.97446565 USDT'],-0.00511,-35.53203601 USDT
BINANCE-1-005,BACKTESTER-001,ModelStrategy-000,BTCUSDT.BINANCE,BINANCE-001,O-20240402-070000-001-000-9,O-20240402-090000-001-000-10,SELL,FLAT,0.000000,0.075635,2024-04-02 07:00:00+00:00,1712048400000000000,2024-04-02 09:00:00+00:00,7200000000000.0,66106.58,65622.69,['9.96334334 USDT'],0.00732,26.63567681 USDT
BINANCE-1-006,BACKTESTER-001,ModelStrategy-000,BTCUSDT.BINANCE,BINANCE-001,O-20240402-090000-001-000-11,O-20240402-110000-001-000-12,BUY,FLAT,0.000000,0.076193,2024-04-02 09:00:00+00:00,1712055600000000000,2024-04-02 11:00:00+00:00,7200000000000.0,65622.69,65448.84,['9.98673309 USDT'],-0.00265,-23.23288614 USDT
BINANCE-1-007,BACKTESTER-001,ModelStrategy-000,BTCUSDT.BINANCE,BINANCE-001,O-20240402-110000-001-000-13,O-20240402-170000-001-000-14,SELL,FLAT,0.000000,0.076396,2024-04-02 11:00:00+00:00,1712077200000000000,2024-04-02 17:00:00+00:00,21600000000000.0,65448.84,65608.009999999,['10.01221911 USDT'],-0.00243,-22.17217043 USDT
BINANCE-1-008,BACKTESTER-001,ModelStrategy-000,BTCUSDT.BINANCE,BINANCE-001,O-20240402-170000-001-000-15,O-20240402-180000-001-000-16,BUY,FLAT,0.000000,0.076210,2024-04-02 17:00:00+00:00,1712080800000000000,2024-04-02 18:00:00+00:00,3600000000000.0,65608.009999999,65650.42,['10.00320495 USDT'],0.00065,-6.77113885 USDT
BINANCE-1-009,BACKTESTER-001,ModelStrategy-000,BTCUSDT.BINANCE,BINANCE-001,O-20240402-180000-001-000-17,O-20240402-210000-001-000-18,SELL,FLAT,0.000000,0.076161,2024-04-02 18:00:00+00:00,1712091600000000000,2024-04-02 21:00:00+00:00,10800000000000.0,65650.42,65830.0,['10.01368027 USDT'],-0.00274,-23.69067265 USDT
BINANCE-1-010,BACKTESTER-001,ModelStrategy-000,BTCUSDT.BINANCE,BINANCE-001,O-20240402-210000-001-000-19,O-20240402-220000-001-000-20,BUY,FLAT,0.000000,0.075953,2024-04-02 21:00:00+00:00,1712095200000000000,2024-04-02 22:00:00+00:00,3600000000000.0,65830.0,65388.0,['9.96640075 USDT'],-0.00671,-43.53762675 USDT
BINANCE-1-011,BACKTESTER-001,ModelStrategy-000,BTCUSDT.BINANCE,BINANCE-001,O-20240402-220000-001-000-21,O-20240403-080000-001-000-22,SELL,FLAT,0.000000,0.076467,2024-04-02 22:00:00+00:00,1712131200000000000,2024-04-03 08:00:00+00:00,36000000000000.0,65388.0,66518.039999999,['10.08645916 USDT'],-0.01728,-96.49722784 USDT
BINANCE-1-012,BACKTESTER-001,ModelStrategy-000,BTCUSDT.BINANCE,BINANCE-001,O-20240403-080000-001-000-23,O-20240403-100000-001-000-24,BUY,FLAT,0.000000,0.075168,2024-04-03 08:00:00+00:00,1712138400000000000,2024-04-03 10:00:00+00:00,7200000000000.0,66518.039999999,66220.0,['9.97765299 USDT'],-0.00448,-32.38072371 USDT
BINANCE-1-013,BACKTESTER-001,ModelStrategy-000,BTCUSDT.BINANCE,BINANCE-001,O-20240403-100000-001-000-25,O-20240403-160000-001-000-26,SELL,FLAT,0.000000,0.075506,2024-04-03 10:00:00+00:00,1712160000000000000,2024-04-03 16:00:00+00:00,21600000000000.0,66220.0,65829.869999999,['9.97055748 USDT'],0.00589,19.48659830 USDT
BINANCE-1-014,BACKTESTER-001,ModelStrategy-000,BTCUSDT.BINANCE,BINANCE-001,O-20240403-160000-001-000-27,O-20240403-190000-001-000-28,BUY,FLAT,0.000000,0.075953,2024-04-03 16:00:00+00:00,1712170800000000000,2024-04-03 19:00:00+00:00,10800000000000.0,65829.869999999,65935.479999999,['10.00797363 USDT'],0.0016,-1.98657730 USDT
BINANCE-1-015,BACKTESTER-001,ModelStrategy-000,BTCUSDT.BINANCE,BINANCE-001,O-20240403-190000-001-000-29,O-20240403-230000-001-000-30,SELL,FLAT,0.000000,0.075832,2024-04-03 19:00:00+00:00,1712185200000000000,2024-04-03 23:00:00+00:00,14400000000000.0,65935.479999999,66143.99,['10.01585037 USDT'],-0.00316,-25.82758069 USDT
BINANCE-1-016,BACKTESTER-001,ModelStrategy-000,BTCUSDT.BINANCE,BINANCE-001,O-20240403-230000-001-000-31,O-20240404-070000-001-000-32,BUY,FLAT,0.000000,0.075593,2024-04-03 23:00:00+00:00,1712214000000000000,2024-04-04 07:00:00+00:00,28800000000000.0,66143.99,66406.55,['10.01989297 USDT'],0.00397,9.82780511 USDT
BINANCE-1-017,BACKTESTER-001,ModelStrategy-000,BTCUSDT.BINANCE,BINANCE-001,O-20240404-070000-001-000-33,O-20240404-080000-001-000-34,SELL,FLAT,0.000000,0.075294,2024-04-04 07:00:00+00:00,1712217600000000000,2024-04-04 08:00:00+00:00,3600000000000.0,66406.55,66278.61,['9.99039644 USDT'],0.00193,-0.35728208 USDT
BINANCE-1-018,BACKTESTER-001,ModelStrategy-000,BTCUSDT.BINANCE,BINANCE-001,O-20240404-080000-001-000-35,O-20240404-100000-001-000-36,BUY,FLAT,0.000000,0.075439,2024-04-04 08:00:00+00:00,1712224800000000000,2024-04-04 10:00:00+00:00,7200000000000.0,66278.61,66278.619999999,['9.99998487 USDT'],0.0,-9.99923048 USDT
BINANCE-1-019,BACKTESTER-001,ModelStrategy-000,BTCUSDT.BINANCE,BINANCE-001,O-20240404-100000-001-000-37,O-20240404-180000-001-000-38,SELL,FLAT,0.000000,0.075439,2024-04-04 10:00:00+00:00,1712253600000000000,2024-04-04 18:00:00+00:00,28800000000000.0,66278.619999999,67931.259999999,['10.12465913 USDT'],-0.02493,-134.79816809 USDT
BINANCE-1-020,BACKTESTER-001,ModelStrategy-000,BTCUSDT.BINANCE,BINANCE-001,O-20240404-180000-001-000-39,O-20240405-000000-001-000-40,BUY,FLAT,0.000000,0.073604,2024-04-04 18:00:00+00:00,1712275200000000000,2024-04-05 00:00:00+00:00,21600000000000.0,67931.259999999,67760.929999999,['9.98748795 USDT'],-0.00251,-22.52445727 USDT
BINANCE-1-021,BACKTESTER-001,ModelStrategy-000,BTCUSDT.BINANCE,BINANCE-001,O-20240405-000000-001-000-41,O-20240405-010000-001-000-42,SELL,FLAT,0.000000,0.073789,2024-04-05 00:00:00+00:00,1712278800000000000,2024-04-05 01:00:00+00:00,3600000000000.0,67760.929999999,68033.33,['10.02012265 USDT'],-0.00402,-30.12024625 USDT
BINANCE-1-022,BACKTESTER-001,ModelStrategy-000,BTCUSDT.BINANCE,BINANCE-001,O-20240405-010000-001-000-43,O-20240405-050000-001-000-44,BUY,FLAT,0.000000,0.073493,2024-04-05 01:00:00+00:00,1712293200000000000,2024-04-05 05:00:00+00:00,14400000000000.0,68033.33,66770.86,['9.90716433 USDT'],-0.01856,-102.68987204 USDT
BINANCE-1-023,BACKTESTER-001,ModelStrategy-000,BTCUSDT.BINANCE,BINANCE-001,O-20240405-050000-001-000-45,O-20240405-070000-001-000-46,SELL,FLAT,0.000000,0.074883,2024-04-05 05:00:00+00:00,1712300400000000000,2024-04-05 07:00:00+00:00,7200000000000.0,66770.86,67151.21,['10.02848637 USDT'],-0.0057,-38.51023542 USDT
BINANCE-1-024,BACKTESTER-001,ModelStrategy-000,BTCUSDT.BINANCE,BINANCE-001,O-20240405-070000-001-000-47,O-20240405-110000-001-000-48,BUY,FLAT,0.000000,0.074459,2024-04-05 07:00:00+00:00,1712314800000000000,2024-04-05 11:00:00+00:00,14400000000000.0,67151.21,66478.0,['9.94989735 USDT'],-0.01003,-60.07644074 USDT
BINANCE-1-025,BACKTESTER-001,ModelStrategy-000,BTCUSDT.BINANCE,BINANCE-001,O-20240405-110000-001-000-49,O-20240405-140000-001-000-50,SELL,FLAT,0.000000,0.075213,2024-04-05 11:00:00+00:00,1712325600000000000,2024-04-05 14:00:00+00:00,10800000000000.0,66478.0,67628.2,['10.08652962 USDT'],-0.0173,-96.59652222 USDT
BINANCE-1-026,BACKTESTER-001,ModelStrategy-000,BTCUSDT.BINANCE,BINANCE-001,O-20240405-140000-001-000-51,O-20240405-190000-001-000-52,BUY,FLAT,0.000000,0.073934,2024-04-05 14:00:00+00:00,1712343600000000000,2024-04-05 19:00:00+00:00,18000000000000.0,67628.2,67838.07,['10.01556321 USDT'],0.0031,5.50096537 USDT
BINANCE-1-027,BACKTESTER-001,ModelStrategy-000,BTCUSDT.BINANCE,BINANCE-001,O-20240405-190000-001-000-53,O-20240405-210000-001-000-54,SELL,FLAT,0.000000,0.073705,2024-04-05 19:00:00+00:00,1712350800000000000,2024-04-05 21:00:00+00:00,7200000000000.0,67838.07,67503.31,['9.97533641 USDT'],0.00493,14.69814939 USDT
BINANCE-1-028,BACKTESTER-001,ModelStrategy-000,BTCUSDT.BINANCE,BINANCE-001,O-20240405-210000-001-000-55,O-20240405-220000-001-000-56,BUY,FLAT,0.000000,0.074070,2024-04-05 21:00:00+00:00,1712354400000000000,2024-04-05 22:00:00+00:00,3600000000000.0,67503.31,68065.2,['10.04155953 USDT'],0.00832,31.57763277 USDT
BINANCE-1-029,BACKTESTER-001,ModelStrategy-000,BTCUSDT.BINANCE,BINANCE-001,O-20240405-220000-001-000-57,O-20240405-230000-001-000-58,SELL,FLAT,0.000000,0.073459,2024-04-05 22:00:00+00:00,1712358000000000000,2024-04-05 23:00:00+00:00,3600000000000.0,68065.2,67820.619999999,['9.98203645 USDT'],0.00359,7.98456577 USDT
BINANCE-1-030,BACKTESTER-001,ModelStrategy-000,BTCUSDT.BINANCE,BINANCE-001,O-20240405-230000-001-000-59,O-20240406-050000-001-000-60,BUY,FLAT,0.000000,0.073724,2024-04-05 23:00:00+00:00,1712379600000000000,2024-04-06 05:00:00+00:00,21600000000000.0,67820.619999999,67992.02,['10.01265107 USDT'],0.00253,2.62364253 USDT
BINANCE-1-031,BACKTESTER-001,ModelStrategy-000,BTCUSDT.BINANCE,BINANCE-001,O-20240406-050000-001-000-61,O-20240406-160000-001-000-62,SELL,FLAT,0.000000,0.073538,2024-04-06 05:00:00+00:00,1712419200000000000,2024-04-06 16:00:00+00:00,39600000000000.0,67992.02,68039.94,['10.00351828 USDT'],-0.0007,-13.52745924 USDT
BINANCE-1-032,BACKTESTER-001,ModelStrategy-000,BTCUSDT.BINANCE,BINANCE-001,O-20240406-160000-001-000-63,O-20240406-180000-001-000-64,BUY,FLAT,0.000000,0.073486,2024-04-06 16:00:00+00:00,1712426400000000000,2024-04-06 18:00:00+00:00,7200000000000.0,68039.94,68218.0,['10.01305098 USDT'],0.00262,3.07186618 USDT
BINANCE-1-033,BACKTESTER-001,ModelStrategy-000,BTCUSDT.BINANCE,BINANCE-001,O-20240406-180000-001-000-65,O-20240406-230000-001-000-66,SELL,FLAT,0.000000,0.073294,2024-04-06 18:00:00+00:00,1712444400000000000,2024-04-06 23:00:00+00:00,18000000000000.0,68218.0,68896.0,['10.04963351 USDT'],-0.00994,-59.74296551 USDT
BINANCE-1-034,BACKTESTER-001,ModelStrategy-000,BTCUSDT.BINANCE,BINANCE-001,O-20240406-230000-001-000-67,O-20240407-000000-001-000-68,BUY,FLAT,0.000000,0.072573,2024-04-06 23:00:00+00:00,1712448000000000000,2024-04-07 00:00:00+00:00,3600000000000.0,68896.0,69300.009999999,['10.02929904 USDT'],0.00586,19.29091869 USDT
BINANCE-1-035,BACKTESTER-001,ModelStrategy-000,BTCUSDT.BINANCE,BINANCE-001,O-20240407-000000-001-000-69,O-20240407-030000-001-000-70,SELL,FLAT,0.000000,0.072150,2024-04-07 00:00:00+00:00,1712458800000000000,2024-04-07 03:00:00+00:00,10800000000000.0,69300.009999999,69464.0,['10.01182332 USDT'],-0.00237,-21.84370182 USDT
BINANCE-1-036,BACKTESTER-001,ModelStrategy-000,BTCUSDT.BINANCE,BINANCE-001,O-20240407-030000-001-000-71,O-20240407-120000-001-000-72,BUY,FLAT,0.000000,0.071980,2024-04-07 03:00:00+00:00,1712491200000000000,2024-04-07 12:00:00+00:00,32400000000000.0,69464.0,69578.44,['10.00827483 USDT'],0.00165,-1.77088363 USDT
BINANCE-1-037,BACKTESTER-001,ModelStrategy-000,BTCUSDT.BINANCE,BINANCE-001,O-20240407-120000-001-000-73,O-20240407-190000-001-000-74,SELL,FLAT,0.000000,0.071861,2024-04-07 12:00:00+00:00,1712516400000000000,2024-04-07 19:00:00+00:00,25200000000000.0,69578.44,69031.3,['9.96063453 USDT'],0.00786,29.35739301 USDT
BINANCE-1-038,BACKTESTER-001,ModelStrategy-000,BTCUSDT.BINANCE,BINANCE-001,O-20240407-190000-001-000-75,O-20240408-070000-001-000-76,BUY,FLAT,0.000000,0.072431,2024-04-07 19:00:00+00:00,1712559600000000000,2024-04-08 07:00:00+00:00,43200000000000.0,69031.3,72197.26,['10.22932583 USDT'],0.04586,219.08432293 USDT
BINANCE-1-039,BACKTESTER-001,ModelStrategy-000,BTCUSDT.BINANCE,BINANCE-001,O-20240408-070000-001-000-77,O-20240408-110000-001-000-78,SELL,FLAT,0.000000,0.069255,2024-04-08 07:00:00+00:00,1712574000000000000,2024-04-08 11:00:00+00:00,14400000000000.0,72197.26,72310.01,['10.00785098 USDT'],-0.00156,-17.81635223 USDT
BINANCE-1-040,BACKTESTER-001,ModelStrategy-000,BTCUSDT.BINANCE,BINANCE-001,O-20240408-110000-001-000-79,O-20240408-160000-001-000-80,BUY,FLAT,0.000000,0.069147,2024-04-08 11:00:00+00:00,1712592000000000000,2024-04-08 16:00:00+00:00,18000000000000.0,72310.01,71908.6,['9.97228422 USDT'],-0.00555,-37.72858149 USDT
BINANCE-1-041,BACKTESTER-001,ModelStrategy-000,BTCUSDT.BINANCE,BINANCE-001,O-20240408-160000-001-000-81,O-20240408-170000-001-000-82,SELL,FLAT,0.000000,0.069533,2024-04-08 16:00:00+00:00,1712595600000000000,2024-04-08 17:00:00+00:00,3600000000000.0,71908.6,71699.23,['9.98548324 USDT'],0.00291,4.57264097 USDT
BINANCE-1-042,BACKTESTER-001,ModelStrategy-000,BTCUSDT.BINANCE,BINANCE-001,O-20240408-170000-001-000-83,O-20240408-190000-001-000-84,BUY,FLAT,0.000000,0.069736,2024-04-08 17:00:00+00:00,1712602800000000000,2024-04-08 19:00:00+00:00,7200000000000.0,71699.23,71900.0,['10.01403590 USDT'],0.0028,3.98686082 USDT
BINANCE-1-043,BACKTESTER-001,ModelStrategy-000,BTCUSDT.BINANCE,BINANCE-001,O-20240408-190000-001-000-85,O-20240408-200000-001-000-86,SELL,FLAT,0.000000,0.069541,2024-04-08 19:00:00+00:00,1712606400000000000,2024-04-08 20:00:00+00:00,3600000000000.0,71900.0,71960.0,['10.00416826 USDT'],-0.00083,-14.17662826 USDT
BINANCE-1-044,BACKTESTER-001,ModelStrategy-000,BTCUSDT.BINANCE,BINANCE-001,O-20240408-200000-001-000-87,O-20240408-220000-001-000-88,BUY,FLAT,0.000000,0.069483,2024-04-08 20:00:00+00:00,1712613600000000000,2024-04-08 22:00:00+00:00,7200000000000.0,71960.0,71420.0,['9.96247254 USDT'],-0.0075,-47.48329254 USDT
BINANCE-1-045,BACKTESTER-001,ModelStrategy-000,BTCUSDT.BINANCE,BINANCE-001,O-20240408-220000-001-000-89,O-20240409-000000-001-000-90,SELL,FLAT,0.000000,0.070008,2024-04-08 22:00:00+00:00,1712620800000000000,2024-04-09 00:00:00+00:00,7200000000000.0,71420.0,70833.33,['9.95887113 USDT'],0.00821,31.11272223 USDT
BINANCE-1-046,BACKTESTER-001,ModelStrategy-000,BTCUSDT.BINANCE,BINANCE-001,O-20240409-000000-001-000-91,O-20240409-060000-001-000-92,BUY,FLAT,0.000000,0.070588,2024-04-09 00:00:00+00:00,1712642400000000000,2024-04-09 06:00:00+00:00,21600000000000.0,70833.33,70110.0,['9.94890778 USDT'],-0.01021,-61.00732582 USDT
BINANCE-1-047,BACKTESTER-001,ModelStrategy-000,BTCUSDT.BINANCE,BINANCE-001,O-20240409-060000-001-000-93,O-20240409-070000-001-000-94,SELL,FLAT,0.000000,0.071317,2024-04-09 06:00:00+00:00,1712646000000000000,2024-04-09 07:00:00+00:00,3600000000000.0,70110.0,70392.18,['10.02019397 USDT'],-0.00402,-30.14442503 USDT
BINANCE-1-048,BACKTESTER-001,ModelStrategy-000,BTCUSDT.BINANCE,BINANCE-001,O-20240409-070000-001-000-95,O-20240409-080000-001-000-96,BUY,FLAT,0.000000,0.071031,2024-04-09 07:00:00+00:00,1712649600000000000,2024-04-09 08:00:00+00:00,3600000000000.0,70392.18,70566.63,['10.01244524 USDT'],0.00248,2.37891271 USDT
BINANCE-1-049,BACKTESTER-001,ModelStrategy-000,BTCUSDT.BINANCE,BINANCE-001,O-20240409-080000-001-000-97,O-20240409-090000-001-000-98,SELL,FLAT,0.000000,0.070855,2024-04-09 08:00:00+00:00,1712653200000000000,2024-04-09 09:00:00+00:00,3600000000000.0,70566.63,70905.26,['10.02399077 USDT'],-0.0048,-34.01761942 USDT
BINANCE-1-050,BACKTESTER-001,ModelStrategy-000,BTCUSDT.BINANCE,BINANCE-001,O-20240409-090000-001-000-99,O-20240409-200000-001-000-100,BUY,FLAT,0.000000,0.070517,2024-04-09 09:00:00+00:00,1712692800000000000,2024-04-09 20:00:00+00:00,39600000000000.0,70905.26,69171.19,['9.87777103 USDT'],-0.02446,-132.15918522 USDT
BINANCE-1-051,BACKTESTER-001,ModelStrategy-000,BTCUSDT.BINANCE,BINANCE-001,O-20240409-200000-001-000-101,O-20240410-010000-001-000-102,SELL,FLAT,0.000000,0.072284,2024-04-09 20:00:00+00:00,1712710800000000000,2024-04-10 01:00:00+00:00,18000000000000.0,69171.19,69269.75,['10.00706491 USDT'],-0.00142,-17.13137595 USDT
BINANCE-1-052,BACKTESTER-001,ModelStrategy-000,BTCUSDT.BINANCE,BINANCE-001,O-20240410-010000-001-000-103,O-20240410-140000-001-000-104,BUY,FLAT,0.000000,0.072182,2024-04-10 01:00:00+00:00,1712757600000000000,2024-04-10 14:00:00+00:00,46800000000000.0,69269.75,69499.99,['10.01667737 USDT'],0.00332,6.60250631 USDT
BINANCE-1-053,BACKTESTER-001,ModelStrategy-000,BTCUSDT.BINANCE,BINANCE-001,O-20240410-140000-001-000-105,O-20240410-150000-001-000-106,SELL,FLAT,0.000000,0.071942,2024-04-10 14:00:00+00:00,1712761200000000000,2024-04-10 15:00:00+00:00,3600000000000.0,69499.99,69350.1,['9.98915317 USDT'],0.00216,0.79423321 USDT
BINANCE-1-054,BACKTESTER-001,ModelStrategy-000,BTCUSDT.BINANCE,BINANCE-001,O-20240410-150000-001-000-107,O-20240410-220000-001-000-108,BUY,FLAT,0.000000,0.072098,2024-04-10 15:00:00+00:00,1712786400000000000,2024-04-10 22:00:00+00:00,25200000000000.0,69350.1,70488.38,['10.08207473 USDT'],0.01641,71.98563671 USDT
BINANCE-1-055,BACKTESTER-001,ModelStrategy-000,BTCUSDT.BINANCE,BINANCE-001,O-20240410-220000-001-000-109,O-20240411-060000-001-000-110,SELL,FLAT,0.000000,0.070934,2024-04-10 22:00:00+00:00,1712815200000000000,2024-04-11 06:00:00+00:00,28800000000000.0,70488.38,70717.81,['10.01631988 USDT'],-0.00325,-26.29070750 USDT
BINANCE-1-056,BACKTESTER-001,ModelStrategy-000,BTCUSDT.BINANCE,BINANCE-001,O-20240411-060000-001-000-111,O-20240411-100000-001-000-112,BUY,FLAT,0.000000,0.070704,2024-04-11 06:00:00+00:00,1712829600000000000,2024-04-11 10:00:00+00:00,14400000000000.0,70717.81,70459.99,['9.98183517 USDT'],-0.00365,-28.21074045 USDT
BINANCE-1-057,BACKTESTER-001,ModelStrategy-000,BTCUSDT.BINANCE,BINANCE-001,O-20240411-100000-001-000-113,O-20240411-120000-001-000-114,SELL,FLAT,0.000000,0.070962,2024-04-11 10:00:00+00:00,1712836800000000000,2024-04-11 12:00:00+00:00,7200000000000.0,70459.99,69669.75,['9.94388661 USDT'],0.01122,46.13312427 USDT
BINANCE-1-058,BACKTESTER-001,ModelStrategy-000,BTCUSDT.BINANCE,BINANCE-001,O-20240411-120000-001-000-115,O-20240412-010000-001-000-116,BUY,FLAT,0.000000,0.071767,2024-04-11 12:00:00+00:00,1712883600000000000,2024-04-12 01:00:00+00:00,46800000000000.0,69669.75,70280.009999999,['10.04377443 USDT'],0.00876,33.75275499 USDT
BINANCE-1-059,BACKTESTER-001,ModelStrategy-000,BTCUSDT.BINANCE,BINANCE-001,O-20240412-010000-001-000-117,O-20240412-050000-001-000-118,SELL,FLAT,0.000000,0.071144,2024-04-12 01:00:00+00:00,1712898000000000000,2024-04-12 05:00:00+00:00,14400000000000.0,70280.009999999,70764.0,['10.03443505 USDT'],-0.00689,-44.46741961 USDT
BINANCE-1-060,BACKTESTER-001,ModelStrategy-000,BTCUSDT.BINANCE,BINANCE-001,O-20240412-050000-001-000-119,O-20240412-130000-001-000-120,BUY,FLAT,0.000000,0.070657,2024-04-12 05:00:00+00:00,1712926800000000000,2024-04-12 13:00:00+00:00,28800000000000.0,70764.0,69236.95,['9.89204713 USDT'],-0.02158,-117.78881898 USDT
BINANCE-1-061,BACKTESTER-001,ModelStrategy-000,BTCUSDT.BINANCE,BINANCE-001,O-20240412-130000-001-000-121,O-20240412-140000-001-000-122,SELL,FLAT,0.000000,0.072216,2024-04-12 13:00:00+00:00,1712930400000000000,2024-04-12 14:00:00+00:00,3600000000000.0,69236.95,69248.33,['10.00085298 USDT'],-0.00016,-10.82267106 USDT
BINANCE-1-062,BACKTESTER-001,ModelStrategy-000,BTCUSDT.BINANCE,BINANCE-001,O-20240412-140000-001-000-123,O-20240414-050000-001-000-124,BUY,FLAT,0.000000,0.072204,2024-04-12 14:00:00+00:00,1713070800000000000,2024-04-14 05:00:00+00:00,140400000000000.0,69248.33,64107.09,['9.62879475 USDT'],-0.07424,-380.84688771 USDT
BINANCE-1-063,BACKTESTER-001,ModelStrategy-000,BTCUSDT.BINANCE,BINANCE-001,O-20240414-050000-001-000-125,O-20240414-060000-001-000-126,SELL,FLAT,0.000000,0.077994,2024-04-14 05:00:00+00:00,1713074400000000000,2024-04-14 06:00:00+00:00,3600000000000.0,64107.09,64649.96,['10.04227736 USDT'],-0.00847,-52.38288014 USDT
BINANCE-1-064,BACKTESTER-001,ModelStrategy-000,BTCUSDT.BINANCE,BINANCE-001,O-20240414-060000-001-000-127,O-20240414-110000-001-000-128,BUY,FLAT,0.000000,0.077340,2024-04-14 06:00:00+00:00,1713092400000000000,2024-04-14 11:00:00+00:00,18000000000000.0,64649.96,64166.05,['9.96263022 USDT'],-0.00749,-47.38822962 USDT
BINANCE-1-065,BACKTESTER-001,ModelStrategy-000,BTCUSDT.BINANCE,BINANCE-001,O-20240414-110000-001-000-129,O-20240414-120000-001-000-130,SELL,FLAT,0.000000,0.077923,2024-04-14 11:00:00+00:00,1713096000000000000,2024-04-14 12:00:00+00:00,3600000000000.0,64166.05,64525.25,['10.02801217 USDT'],-0.0056,-38.01795377 USDT
BINANCE-1-066,BACKTESTER-001,ModelStrategy-000,BTCUSDT.BINANCE,BINANCE-001,O-20240414-120000-001-000-131,O-20240415-050000-001-000-132,BUY,FLAT,0.000000,0.077489,2024-04-14 12:00:00+00:00,1713157200000000000,2024-04-15 05:00:00+00:00,61200000000000.0,64525.25,66582.84,['10.15943479 USDT'],0.03189,149.28115672 USDT
BINANCE-1-067,BACKTESTER-001,ModelStrategy-000,BTCUSDT.BINANCE,BINANCE-001,O-20240415-050000-001-000-133,O-20240415-080000-001-000-134,SELL,FLAT,0.000000,0.075094,2024-04-15 05:00:00+00:00,1713168000000000000,2024-04-15 08:00:00+00:00,10800000000000.0,66582.84,66646.179999999,['10.00470003 USDT'],-0.00095,-14.76115399 USDT
BINANCE-1-068,BACKTESTER-001,ModelStrategy-000,BTCUSDT.BINANCE,BINANCE-001,O-20240415-080000-001-000-135,O-20240415-160000-001-000-136,BUY,FLAT,0.000000,0.075023,2024-04-15 08:00:00+00:00,1713196800000000000,2024-04-15 16:00:00+00:00,28800000000000.0,66646.179999999,64148.61,['9.81261753 USDT'],-0.03748,-197.18781164 USDT
BINANCE-1-069,BACKTESTER-001,ModelStrategy-000,BTCUSDT.BINANCE,BINANCE-001,O-20240415-160000-001-000-137,O-20240415-180000-001-000-138,SELL,FLAT,0.000000,0.077944,2024-04-15 16:00:00+00:00,1713204000000000000,2024-04-15 18:00:00+00:00,7200000000000.0,64148.61,63112.96,['9.91927581 USDT'],0.01614,70.80342779 USDT
BINANCE-1-070,BACKTESTER-001,ModelStrategy-000,BTCUSDT.BINANCE,BINANCE-001,O-20240415-180000-001-000-139,O-20240416-100000-001-000-140,BUY,FLAT,0.000000,0.079223,2024-04-15 18:00:00+00:00,1713261600000000000,2024-04-16 10:00:00+00:00,57600000000000.0,63112.96,62366.44,['9.94085451 USDT'],-0.01183,-69.08240847 USDT
BINANCE-1-071,BACKTESTER-001,ModelStrategy-000,BTCUSDT.BINANCE,BINANCE-001,O-20240416-100000-001-000-141,O-20240416-130000-001-000-142,SELL,FLAT,0.000000,0.080171,2024-04-16 10:00:00+00:00,1713272400000000000,2024-04-16 13:00:00+00:00,10800000000000.0,62366.44,62692.41,['10.02609306 USDT'],-0.00523,-36.15943393 USDT
BINANCE-1-072,BACKTESTER-001,ModelStrategy-000,BTCUSDT.BINANCE,BINANCE-001,O-20240416-130000-001-000-143,O-20240417-140000-001-000-144,BUY,FLAT,0.000000,0.079754,2024-04-16 13:00:00+00:00,1713362400000000000,2024-04-17 14:00:00+00:00,90000000000000.0,62692.41,59888.0,['9.77627802 USDT'],-0.04473,-233.43919316 USDT
BINANCE-1-073,BACKTESTER-001,ModelStrategy-000,BTCUSDT.BINANCE,BINANCE-001,O-20240417-140000-001-000-145,O-20240417-150000-001-000-146,SELL,FLAT,0.000000,0.083489,2024-04-17 14:00:00+00:00,1713366000000000000,2024-04-17 15:00:00+00:00,3600000000000.0,59888.0,61365.98,['10.12337353 USDT'],-0.02468,-133.51844575 USDT
BINANCE-1-074,BACKTESTER-001,ModelStrategy-000,BTCUSDT.BINANCE,BINANCE-001,O-20240417-150000-001-000-147,O-20240417-210000-001-000-148,BUY,FLAT,0.000000,0.081478,2024-04-17 15:00:00+00:00,1713387600000000000,2024-04-17 21:00:00+00:00,21600000000000.0,61365.98,61160.34,['9.98319950 USDT'],-0.00335,-26.73833542 USDT
BINANCE-1-075,BACKTESTER-001,ModelStrategy-000,BTCUSDT.BINANCE,BINANCE-001,O-20240417-210000-001-000-149,O-20240417-230000-001-000-150,SELL,FLAT,0.000000,0.081752,2024-04-17 21:00:00+00:00,1713394800000000000,2024-04-17 23:00:00+00:00,7200000000000.0,61160.34,61639.26,['10.03911290 USDT'],-0.00783,-49.19178074 USDT
BINANCE-1-076,BACKTESTER-001,ModelStrategy-000,BTCUSDT.BINANCE,BINANCE-001,O-20240417-230000-001-000-151,O-20240418-010000-001-000-152,BUY,FLAT,0.000000,0.081117,2024-04-17 23:00:00+00:00,1713402000000000000,2024-04-18 01:00:00+00:00,7200000000000.0,61639.26,62229.9,['10.04789465 USDT'],0.00958,37.86305023 USDT
BINANCE-1-077,BACKTESTER-001,ModelStrategy-000,BTCUSDT.BINANCE,BINANCE-001,O-20240418-010000-001-000-153,O-20240418-080000-001-000-154,SELL,FLAT,0.000000,0.080347,2024-04-18 01:00:00+00:00,1713427200000000000,2024-04-18 08:00:00+00:00,25200000000000.0,62229.9,61925.63,['9.97552437 USDT'],0.00489,14.47165732 USDT
BINANCE-1-078,BACKTESTER-001,ModelStrategy-000,BTCUSDT.BINANCE,BINANCE-001,O-20240418-080000-001-000-155,O-20240418-180000-001-000-156,BUY,FLAT,0.000000,0.080742,2024-04-18 08:00:00+00:00,1713463200000000000,2024-04-18 18:00:00+00:00,36000000000000.0,61925.63,63637.5,['10.13821825 USDT'],0.02764,128.08158929 USDT
BINANCE-1-079,BACKTESTER-001,ModelStrategy-000,BTCUSDT.BINANCE,BINANCE-001,O-20240418-180000-001-000-157,O-20240418-200000-001-000-158,SELL,FLAT,0.000000,0.078570,2024-04-18 18:00:00+00:00,1713470400000000000,2024-04-18 20:00:00+00:00,7200000000000.0,63637.5,63499.73,['9.98917217 USDT'],0.00216,0.83541673 USDT
BINANCE-1-080,BACKTESTER-001,ModelStrategy-000,BTCUSDT.BINANCE,BINANCE-001,O-20240418-200000-001-000-159,O-20240419-030000-001-000-160,BUY,FLAT,0.000000,0.078740,2024-04-18 20:00:00+00:00,1713495600000000000,2024-04-19 03:00:00+00:00,25200000000000.0,63499.73,61785.14,['9.86493066 USDT'],-0.027,-144.87174726 USDT
BINANCE-1-081,BACKTESTER-001,ModelStrategy-000,BTCUSDT.BINANCE,BINANCE-001,O-20240419-030000-001-000-161,O-20240419-090000-001-000-162,SELL,FLAT,0.000000,0.080926,2024-04-19 03:00:00+00:00,1713517200000000000,2024-04-19 09:00:00+00:00,21600000000000.0,61785.14,64420.0,['10.21327716 USDT'],-0.04265,-223.44195752 USDT
BINANCE-1-082,BACKTESTER-001,ModelStrategy-000,BTCUSDT.BINANCE,BINANCE-001,O-20240419-090000-001-000-163,O-20240421-160000-001-000-164,BUY,FLAT,0.000000,0.077616,2024-04-19 09:00:00+00:00,1713715200000000000,2024-04-21 16:00:00+00:00,198000000000000.0,64420.0,64578.37,['10.01233749 USDT'],0.00246,2.27970843 USDT
BINANCE-1-083,BACKTESTER-001,ModelStrategy-000,BTCUSDT.BINANCE,BINANCE-001,O-20240421-160000-001-000-165,O-20240421-190000-001-000-166,SELL,FLAT,0.000000,0.077425,2024-04-21 16:00:00+00:00,1713726000000000000,2024-04-21 19:00:00+00:00,10800000000000.0,64578.37,64362.5,['9.98324686 USDT'],0.00334,6.73048789 USDT
BINANCE-1-084,BACKTESTER-001,ModelStrategy-000,BTCUSDT.BINANCE,BINANCE-001,O-20240421-190000-001-000-167,O-20240422-020000-001-000-168,BUY,FLAT,0.000000,0.077685,2024-04-21 19:00:00+00:00,1713751200000000000,2024-04-22 02:00:00+00:00,25200000000000.0,64362.5,64806.69,['10.03450852 USDT'],0.0069,24.47239163 USDT
BINANCE-1-085,BACKTESTER-001,ModelStrategy-000,BTCUSDT.BINANCE,BINANCE-001,O-20240422-020000-001-000-169,O-20240422-050000-001-000-170,SELL,FLAT,0.000000,0.077153,2024-04-22 02:00:00+00:00,1713762000000000000,2024-04-22 05:00:00+00:00,10800000000000.0,64806.69,65980.009999999,['10.09058626 USDT'],-0.0181,-100.61574422 USDT
BINANCE-1-086,BACKTESTER-001,ModelStrategy-000,BTCUSDT.BINANCE,BINANCE-001,O-20240422-050000-001-000-171,O-20240422-060000-001-000-172,BUY,FLAT,0.000000,0.075781,2024-04-22 05:00:00+00:00,1713765600000000000,2024-04-22 06:00:00+00:00,3600000000000.0,65980.009999999,66300.0,['10.02431144 USDT'],0.00485,14.22485075 USDT
BINANCE-1-087,BACKTESTER-001,ModelStrategy-000,BTCUSDT.BINANCE,BINANCE-001,O-20240422-060000-001-000-173,O-20240422-080000-001-000-174,SELL,FLAT,0.000000,0.075415,2024-04-22 06:00:00+00:00,1713772800000000000,2024-04-22 08:00:00+00:00,7200000000000.0,66300.0,65801.759999999,['9.96245423 USDT'],0.00751,27.61231537 USDT
BINANCE-1-088,BACKTESTER-001,ModelStrategy-000,BTCUSDT.BINANCE,BINANCE-001,O-20240422-080000-001-000-175,O-20240422-190000-001-000-176,BUY,FLAT,0.000000,0.075986,2024-04-22 08:00:00+00:00,1713812400000000000,2024-04-22 19:00:00+00:00,39600000000000.0,65801.759999999,66558.91,['10.05755788 USDT'],0.01151,47.47524202 USDT
BINANCE-1-089,BACKTESTER-001,ModelStrategy-000,BTCUSDT.BINANCE,BINANCE-001,O-20240422-190000-001-000-177,O-20240422-230000-001-000-178,SELL,FLAT,0.000000,0.075121,2024-04-22 19:00:00+00:00,1713826800000000000,2024-04-22 23:00:00+00:00,14400000000000.0,66558.91,66819.32,['10.01950602 USDT'],-0.00391,-29.58176563 USDT
BINANCE-1-090,BACKTESTER-001,ModelStrategy-000,BTCUSDT.BINANCE,BINANCE-001,O-20240422-230000-001-000-179,O-20240423-030000-001-000-180,BUY,FLAT,0.000000,0.074829,2024-04-22 23:00:00+00:00,1713841200000000000,2024-04-23 03:00:00+00:00,14400000000000.0,66819.32,66435.009999999,['9.97128826 USDT'],-0.00575,-38.72882125 USDT
BINANCE-1-091,BACKTESTER-001,ModelStrategy-000,BTCUSDT.BINANCE,BINANCE-001,O-20240423-030000-001-000-181,O-20240423-040000-001-000-182,SELL,FLAT,0.000000,0.075262,2024-04-23 03:00:00+00:00,1713844800000000000,2024-04-23 04:00:00+00:00,3600000000000.0,66435.009999999,66378.149999999,['9.99578405 USDT'],0.00086,-5.71638673 USDT
BINANCE-1-092,BACKTESTER-001,ModelStrategy-000,BTCUSDT.BINANCE,BINANCE-001,O-20240423-040000-001-000-183,O-20240423-180000-001-000-184,BUY,FLAT,0.000000,0.075326,2024-04-23 04:00:00+00:00,1713895200000000000,2024-04-23 18:00:00+00:00,50400000000000.0,66378.149999999,66390.0,['10.00089367 USDT'],0.00018,-9.10828057 USDT
BINANCE-1-093,BACKTESTER-001,ModelStrategy-000,BTCUSDT.BINANCE,BINANCE-001,O-20240423-180000-001-000-185,O-20240423-190000-001-000-186,SELL,FLAT,0.000000,0.075313,2024-04-23 18:00:00+00:00,1713898800000000000,2024-04-23 19:00:00+00:00,3600000000000.0,66390.0,66464.0,['10.00563330 USDT'],-0.00111,-15.57879530 USDT
BINANCE-1-094,BACKTESTER-001,ModelStrategy-000,BTCUSDT.BINANCE,BINANCE-001,O-20240423-190000-001-000-187,O-20240423-220000-001-000-188,BUY,FLAT,0.000000,0.075229,2024-04-23 19:00:00+00:00,1713909600000000000,2024-04-23 22:00:00+00:00,10800000000000.0,66464.0,66747.729999999,['10.02138524 USDT'],0.00427,11.32333893 USDT
BINANCE-1-095,BACKTESTER-001,ModelStrategy-000,BTCUSDT.BINANCE,BINANCE-001,O-20240423-220000-001-000-189,O-20240423-230000-001-000-190,SELL,FLAT,0.000000,0.074909,2024-04-23 22:00:00+00:00,1713913200000000000,2024-04-23 23:00:00+00:00,3600000000000.0,66747.729999999,66414.0,['9.97501204 USDT'],0.005,15.02436853 USDT
BINANCE-1-096,BACKTESTER-001,ModelStrategy-000,BTCUSDT.BINANCE,BINANCE-001,O-20240423-230000-001-000-191,O-20240424-050000-001-000-192,BUY,FLAT,0.000000,0.075285,2024-04-23 23:00:00+00:00,1713934800000000000,2024-04-24 05:00:00+00:00,21600000000000.0,66414.0,66630.89,['10.01628454 USDT'],0.00327,6.31227911 USDT
BINANCE-1-097,BACKTESTER-001,ModelStrategy-000,BTCUSDT.BINANCE,BINANCE-001,O-20240424-050000-001-000-193,O-20240424-060000-001-000-194,SELL,FLAT,0.000000,0.075040,2024-04-24 05:00:00+00:00,1713938400000000000,2024-04-24 06:00:00+00:00,3600000000000.0,66630.89,66778.259999999,['10.01102262 USDT'],-0.00221,-21.06966742 USDT
BINANCE-1-098,BACKTESTER-001,ModelStrategy-000,BTCUSDT.BINANCE,BINANCE-001,O-20240424-060000-001-000-195,O-20240424-070000-001-000-196,BUY,FLAT,0.000000,0.074875,2024-04-24 06:00:00+00:00,1713942000000000000,2024-04-24 07:00:00+00:00,3600000000000.0,66778.259999999,66485.3,['9.97810906 USDT'],-0.00439,-31.91348906 USDT
BINANCE-1-099,BACKTESTER-001,ModelStrategy-000,BTCUSDT.BINANCE,BINANCE-001,O-20240424-070000-001-000-197,O-20240424-100000-001-000-198,SELL,FLAT,0.000000,0.075205,2024-04-24 07:00:00+00:00,1713952800000000000,2024-04-24 10:00:00+00:00,10800000000000.0,66485.3,66361.729999999,['9.99076089 USDT'],0.00186,-0.69767904 USDT
BINANCE-1-100,BACKTESTER-001,ModelStrategy-000,BTCUSDT.BINANCE,BINANCE-001,O-20240424-100000-001-000-199,O-20240424-130000-001-000-200,BUY,FLAT,0.000000,0.075345,2024-04-24 10:00:00+00:00,1713963600000000000,2024-04-24 13:00:00+00:00,10800000000000.0,66361.729999999,66054.99,['9.97693777 USDT'],-0.00462,-33.08826307 USDT
BINANCE-1-101,BACKTESTER-001,ModelStrategy-000,BTCUSDT.BINANCE,BINANCE-001,O-20240424-130000-001-000-201,O-20240424-140000-001-000-202,SELL,FLAT,0.000000,0.075695,2024-04-24 13:00:00+00:00,1713967200000000000,2024-04-24 14:00:00+00:00,3600000000000.0,66054.99,65234.85,['9.93798444 USDT'],0.01242,52.14251286 USDT
BINANCE-1-102,BACKTESTER-001,ModelStrategy-000,BTCUSDT.BINANCE,BINANCE-001,O-20240424-140000-001-000-203,O-20240425-050000-001-000-204,BUY,FLAT,0.000000,0.076646,2024-04-24 14:00:00+00:00,1714021200000000000,2024-04-25 05:00:00+00:00,54000000000000.0,65234.85,64017.99,['9.90671317 USDT'],-0.01865,-103.17416473 USDT
BINANCE-1-103,BACKTESTER-001,ModelStrategy-000,BTCUSDT.BINANCE,BINANCE-001,O-20240425-050000-001-000-205,O-20240425-080000-001-000-206,SELL,FLAT,0.000000,0.078103,2024-04-25 05:00:00+00:00,1714032000000000000,2024-04-25 08:00:00+00:00,10800000000000.0,64017.99,63809.13,['9.98368155 USDT'],0.00326,6.32891103 USDT
BINANCE-1-104,BACKTESTER-001,ModelStrategy-000,BTCUSDT.BINANCE,BINANCE-001,O-20240425-080000-001-000-207,O-20240425-130000-001-000-208,BUY,FLAT,0.000000,0.078359,2024-04-25 08:00:00+00:00,1714050000000000000,2024-04-25 13:00:00+00:00,18000000000000.0,63809.13,63428.97,['9.97025028 USDT'],-0.00596,-39.75920772 USDT
BINANCE-1-105,BACKTESTER-001,ModelStrategy-000,BTCUSDT.BINANCE,BINANCE-001,O-20240425-130000-001-000-209,O-20240425-150000-001-000-210,SELL,FLAT,0.000000,0.078828,2024-04-25 13:00:00+00:00,1714057200000000000,2024-04-25 15:00:00+00:00,7200000000000.0,63428.97,64135.94,['10.05568673 USDT'],-0.01115,-65.78471789 USDT
BINANCE-1-106,BACKTESTER-001,ModelStrategy-000,BTCUSDT.BINANCE,BINANCE-001,O-20240425-150000-001-000-211,O-20240425-230000-001-000-212,BUY,FLAT,0.000000,0.077959,2024-04-25 15:00:00+00:00,1714086000000000000,2024-04-25 23:00:00+00:00,28800000000000.0,64135.94,64111.01,['9.99800398 USDT'],-0.00039,-11.94152185 USDT
BINANCE-1-107,BACKTESTER-001,ModelStrategy-000,BTCUSDT.BINANCE,BINANCE-001,O-20240425-230000-001-000-213,O-20240426-000000-001-000-214,SELL,FLAT,0.000000,0.077990,2024-04-25 23:00:00+00:00,1714089600000000000,2024-04-26 00:00:00+00:00,3600000000000.0,64111.01,64307.03,['10.01532294 USDT'],-0.00306,-25.30292274 USDT
BINANCE-1-108,BACKTESTER-001,ModelStrategy-000,BTCUSDT.BINANCE,BINANCE-001,O-20240426-000000-001-000-215,O-20240427-070000-001-000-216,BUY,FLAT,0.000000,0.077752,2024-04-26 00:00:00+00:00,1714201200000000000,2024-04-27 07:00:00+00:00,111600000000000.0,64307.03,62984.45,['9.89716716 USDT'],-0.02057,-112.73040732 USDT
BINANCE-1-109,BACKTESTER-001,ModelStrategy-000,BTCUSDT.BINANCE,BINANCE-001,O-20240427-070000-001-000-217,O-20240427-080000-001-000-218,SELL,FLAT,0.000000,0.079385,2024-04-27 07:00:00+00:00,1714204800000000000,2024-04-27 08:00:00+00:00,3600000000000.0,62984.45,62991.54,['10.00060396 USDT'],-0.00011,-10.56344361 USDT
BINANCE-1-110,BACKTESTER-001,ModelStrategy-000,BTCUSDT.BINANCE,BINANCE-001,O-20240427-080000-001-000-219,O-20240427-120000-001-000-220,BUY,FLAT,0.000000,0.079376,2024-04-27 08:00:00+00:00,1714219200000000000,2024-04-27 12:00:00+00:00,14400000000000.0,62991.54,63006.21,['10.00119740 USDT'],0.00023,-8.83675148 USDT
BINANCE-1-111,BACKTESTER-001,ModelStrategy-000,BTCUSDT.BINANCE,BINANCE-001,O-20240427-120000-001-000-221,O-20240427-130000-001-000-222,SELL,FLAT,0.000000,0.079357,2024-04-27 12:00:00+00:00,1714222800000000000,2024-04-27 13:00:00+00:00,3600000000000.0,63006.21,63227.09,['10.01749599 USDT'],-0.00351,-27.54587015 USDT
BINANCE-1-112,BACKTESTER-001,ModelStrategy-000,BTCUSDT.BINANCE,BINANCE-001,O-20240427-130000-001-000-223,O-20240428-010000-001-000-224,BUY,FLAT,0.000000,0.079080,2024-04-27 13:00:00+00:00,1714266000000000000,2024-04-28 01:00:00+00:00,43200000000000.0,63227.09,64370.0,['10.09037788 USDT'],0.01808,80.29094492 USDT
BINANCE-1-113,BACKTESTER-001,ModelStrategy-000,BTCUSDT.BINANCE,BINANCE-001,O-20240428-010000-001-000-225,O-20240428-020000-001-000-226,SELL,FLAT,0.000000,0.077676,2024-04-28 01:00:00+00:00,1714269600000000000,2024-04-28 02:00:00+00:00,3600000000000.0,64370.0,63950.0,['9.96738432 USDT'],0.00652,22.65653568 USDT
BINANCE-1-114,BACKTESTER-001,ModelStrategy-000,BTCUSDT.BINANCE,BINANCE-001,O-20240428-020000-001-000-227,O-20240428-040000-001-000-228,BUY,FLAT,0.000000,0.078186,2024-04-28 02:00:00+00:00,1714276800000000000,2024-04-28 04:00:00+00:00,7200000000000.0,63950.0,63843.14,['9.99163444 USDT'],-0.00167,-18.34659040 USDT
BINANCE-1-115,BACKTESTER-001,ModelStrategy-000,BTCUSDT.BINANCE,BINANCE-001,O-20240428-040000-001-000-229,O-20240428-050000-001-000-230,SELL,FLAT,0.000000,0.078317,2024-04-28 04:00:00+00:00,1714280400000000000,2024-04-28 05:00:00+00:00,3600000000000.0,63843.14,64060.0,['10.01699022 USDT'],-0.0034,-27.00081484 USDT
BINANCE-1-116,BACKTESTER-001,ModelStrategy-000,BTCUSDT.BINANCE,BINANCE-001,O-20240428-050000-001-000-231,O-20240429-020000-001-000-232,BUY,FLAT,0.000000,0.078052,2024-04-28 05:00:00+00:00,1714356000000000000,2024-04-29 02:00:00+00:00,75600000000000.0,64060.0,62639.4,['9.88914157 USDT'],-0.02218,-120.76981277 USDT
BINANCE-1-117,BACKTESTER-001,ModelStrategy-000,BTCUSDT.BINANCE,BINANCE-001,O-20240429-020000-001-000-233,O-20240429-030000-001-000-234,SELL,FLAT,0.000000,0.079822,2024-04-29 02:00:00+00:00,1714359600000000000,2024-04-29 03:00:00+00:00,3600000000000.0,62639.4,62542.0,['9.99222971 USDT'],0.00155,-2.21756691 USDT
BINANCE-1-118,BACKTESTER-001,ModelStrategy-000,BTCUSDT.BINANCE,BINANCE-001,O-20240429-030000-001-000-235,O-20240429-130000-001-000-236,BUY,FLAT,0.000000,0.079946,2024-04-29 03:00:00+00:00,1714395600000000000,2024-04-29 13:00:00+00:00,36000000000000.0,62542.0,63039.07,['10.03970422 USDT'],0.00795,29.69905400 USDT
BINANCE-1-119,BACKTESTER-001,ModelStrategy-000,BTCUSDT.BINANCE,BINANCE-001,O-20240429-130000-001-000-237,O-20240429-140000-001-000-238,SELL,FLAT,0.000000,0.079316,2024-04-29 13:00:00+00:00,1714399200000000000,2024-04-29 14:00:00+00:00,3600000000000.0,63039.07,63158.8,['10.00951026 USDT'],-0.0019,-19.50601494 USDT
BINANCE-1-120,BACKTESTER-001,ModelStrategy-000,BTCUSDT.BINANCE,BINANCE-001,O-20240429-140000-001-000-239,O-20240429-210000-001-000-240,BUY,FLAT,0.000000,0.079166,2024-04-29 14:00:00+00:00,1714424400000000000,2024-04-29 21:00:00+00:00,25200000000000.0,63158.8,64228.35,['10.08473112 USDT'],0.01693,74.58726418 USDT
BINANCE-1-121,BACKTESTER-001,ModelStrategy-000,BTCUSDT.BINANCE,BINANCE-001,O-20240429-210000-001-000-241,O-20240430-000000-001-000-242,SELL,FLAT,0.000000,0.077847,2024-04-29 21:00:00+00:00,1714435200000000000,2024-04-30 00:00:00+00:00,10800000000000.0,64228.35,63560.5,['9.94797860 USDT'],0.0104,42.04214035 USDT
BINANCE-1-122,BACKTESTER-001,ModelStrategy-000,BTCUSDT.BINANCE,BINANCE-001,O-20240430-000000-001-000-243,O-20240430-050000-001-000-244,BUY,FLAT,0.000000,0.078665,2024-04-30 00:00:00+00:00,1714453200000000000,2024-04-30 05:00:00+00:00,18000000000000.0,63560.5,63227.47,['9.97377566 USDT'],-0.00524,-36.17158061 USDT
BINANCE-1-123,BACKTESTER-001,ModelStrategy-000,BTCUSDT.BINANCE,BINANCE-001,O-20240430-050000-001-000-245,O-20240430-060000-001-000-246,SELL,FLAT,0.000000,0.079080,2024-04-30 05:00:00+00:00,1714456800000000000,2024-04-30 06:00:00+00:00,3600000000000.0,63227.47,63135.7,['9.99279949 USDT'],0.00145,-2.73562789 USDT
BINANCE-1-124,BACKTESTER-001,ModelStrategy-000,BTCUSDT.BINANCE,BINANCE-001,O-20240430-060000-001-000-247,O-20240430-070000-001-000-248,BUY,FLAT,0.000000,0.079194,2024-04-30 06:00:00+00:00,1714460400000000000,2024-04-30 07:00:00+00:00,3600000000000.0,63135.7,61688.01,['9.88528889 USDT'],-0.02293,-124.53365075 USDT
BINANCE-1-125,BACKTESTER-001,ModelStrategy-000,BTCUSDT.BINANCE,BINANCE-001,O-20240430-070000-001-000-249,O-20240430-090000-001-000-250,SELL,FLAT,0.000000,0.081053,2024-04-30 07:00:00+00:00,1714467600000000000,2024-04-30 09:00:00+00:00,7200000000000.0,61688.01,61451.01,['9.98078698 USDT'],0.00384,9.22877402 USDT
BINANCE-1-126,BACKTESTER-001,ModelStrategy-000,BTCUSDT.BINANCE,BINANCE-001,O-20240430-090000-001-000-251,O-20240430-130000-001-000-252,BUY,FLAT,0.000000,0.081366,2024-04-30 09:00:00+00:00,1714482000000000000,2024-04-30 13:00:00+00:00,14400000000000.0,61451.01,60796.86,['9.94682019 USDT'],-0.01065,-63.17238909 USDT
BINANCE-1-127,BACKTESTER-001,ModelStrategy-000,BTCUSDT.BINANCE,BINANCE-001,O-20240430-130000-001-000-253,O-20240430-170000-001-000-254,SELL,FLAT,0.000000,0.082241,2024-04-30 13:00:00+00:00,1714496400000000000,2024-04-30 17:00:00+00:00,14400000000000.0,60796.86,60018.0,['9.93593490 USDT'],0.01281,54.11829036 USDT
BINANCE-1-128,BACKTESTER-001,ModelStrategy-000,BTCUSDT.BINANCE,BINANCE-001,O-20240430-170000-001-000-255,O-20240501-000000-001-000-256,BUY,FLAT,0.000000,0.083308,2024-04-30 17:00:00+00:00,1714521600000000000,2024-05-01 00:00:00+00:00,25200000000000.0,60018.0,59927.99,['9.99246053 USDT'],-0.0015,-17.49101361 USDT
BINANCE-1-129,BACKTESTER-001,ModelStrategy-000,BTCUSDT.BINANCE,BINANCE-001,O-20240501-000000-001-000-257,O-20240501-010000-001-000-258,SELL,FLAT,0.000000,0.083433,2024-05-01 00:00:00+00:00,1714525200000000000,2024-05-01 01:00:00+00:00,3600000000000.0,59927.99,60246.02,['10.02647818 USDT'],-0.00531,-36.56067517 USDT
BINANCE-1-130,BACKTESTER-001,ModelStrategy-000,BTCUSDT.BINANCE,BINANCE-001,O-20240501-010000-001-000-259,O-20240501-050000-001-000-260,BUY,FLAT,0.000000,0.082993,2024-05-01 01:00:00+00:00,1714539600000000000,2024-05-01 05:00:00+00:00,14400000000000.0,60246.02,57500.0,['9.77209544 USDT'],-0.04558,-237.67253330 USDT
BINANCE-1-131,BACKTESTER-001,ModelStrategy-000,BTCUSDT.BINANCE,BINANCE-001,O-20240501-050000-001-000-261,O-20240501-060000-001-000-262,SELL,FLAT,0.000000,0.086957,2024-05-01 05:00:00+00:00,1714543200000000000,2024-05-01 06:00:00+00:00,3600000000000.0,57500.0,59529.94,['10.17657249 USDT'],-0.0353,-186.69406507 USDT
BINANCE-1-132,BACKTESTER-001,ModelStrategy-000,BTCUSDT.BINANCE,BINANCE-001,O-20240501-060000-001-000-263,O-20240501-120000-001-000-264,BUY,FLAT,0.000000,0.083991,2024-05-01 06:00:00+00:00,1714564800000000000,2024-05-01 12:00:00+00:00,21600000000000.0,59529.94,57586.2,['9.83670171 USDT'],-0.03265,-173.09336805 USDT
BINANCE-1-133,BACKTESTER-001,ModelStrategy-000,BTCUSDT.BINANCE,BINANCE-001,O-20240501-120000-001-000-265,O-20240501-150000-001-000-266,SELL,FLAT,0.000000,0.086826,2024-05-01 12:00:00+00:00,1714575600000000000,2024-05-01 15:00:00+00:00,10800000000000.0,57586.2,57700.86,['10.00991427 USDT'],-0.00199,-19.96538343 USDT
BINANCE-1-134,BACKTESTER-001,ModelStrategy-000,BTCUSDT.BINANCE,BINANCE-001,O-20240501-150000-001-000-267,O-20240501-210000-001-000-268,BUY,FLAT,0.000000,0.086654,2024-05-01 15:00:00+00:00,1714597200000000000,2024-05-01 21:00:00+00:00,21600000000000.0,57700.86,58575.32,['10.07579610 USDT'],0.01516,65.69966074 USDT
BINANCE-1-135,BACKTESTER-001,ModelStrategy-000,BTCUSDT.BINANCE,BINANCE-001,O-20240501-210000-001-000-269,O-20240502-000000-001-000-270,SELL,FLAT,0.000000,0.085360,2024-05-01 21:00:00+00:00,1714608000000000000,2024-05-02 00:00:00+00:00,10800000000000.0,58575.32,57767.29,['9.93100519 USDT'],0.01379,59.04243561 USDT
BINANCE-1-136,BACKTESTER-001,ModelStrategy-000,BTCUSDT.BINANCE,BINANCE-001,O-20240502-000000-001-000-271,O-20240502-090000-001-000-272,BUY,FLAT,0.000000,0.086554,2024-05-02 00:00:00+00:00,1714640400000000000,2024-05-02 09:00:00+00:00,32400000000000.0,57767.29,58559.66,['10.06856283 USDT'],0.01372,58.51423015 USDT
BINANCE-1-137,BACKTESTER-001,ModelStrategy-000,BTCUSDT.BINANCE,BINANCE-001,O-20240502-090000-001-000-273,O-20240502-110000-001-000-274,SELL,FLAT,0.000000,0.085383,2024-05-02 09:00:00+00:00,1714647600000000000,2024-05-02 11:00:00+00:00,7200000000000.0,58559.66,58446.18,['9.99030964 USDT'],0.00194,-0.30104680 USDT
BINANCE-1-138,BACKTESTER-001,ModelStrategy-000,BTCUSDT.BINANCE,BINANCE-001,O-20240502-110000-001-000-275,O-20240502-160000-001-000-276,BUY,FLAT,0.000000,0.085549,2024-05-02 11:00:00+00:00,1714665600000000000,2024-05-02 16:00:00+00:00,18000000000000.0,58446.18,59383.52,['10.08021300 USDT'],0.01604,70.10828666 USDT
BINANCE-1-139,BACKTESTER-001,ModelStrategy-000,BTCUSDT.BINANCE,BINANCE-001,O-20240502-160000-001-000-277,O-20240502-170000-001-000-278,SELL,FLAT,0.000000,0.084198,2024-05-02 16:00:00+00:00,1714669200000000000,2024-05-02 17:00:00+00:00,3600000000000.0,59383.52,58987.49,['9.96660230 USDT'],0.00667,23.37833164 USDT
BINANCE-1-140,BACKTESTER-001,ModelStrategy-000,BTCUSDT.BINANCE,BINANCE-001,O-20240502-170000-001-000-279,O-20240503-020000-001-000-280,BUY,FLAT,0.000000,0.084764,2024-05-02 17:00:00+00:00,1714701600000000000,2024-05-03 02:00:00+00:00,32400000000000.0,58987.49,59844.94,['10.07271209 USDT'],0.01454,62.60817971 USDT
BINANCE-1-141,BACKTESTER-001,ModelStrategy-000,BTCUSDT.BINANCE,BINANCE-001,O-20240503-020000-001-000-281,O-20240503-030000-001-000-282,SELL,FLAT,0.000000,0.083549,2024-05-03 02:00:00+00:00,1714705200000000000,2024-05-03 03:00:00+00:00,3600000000000.0,59844.94,59522.68,['9.97304528 USDT'],0.00538,16.95145546 USDT
BINANCE-1-142,BACKTESTER-001,ModelStrategy-000,BTCUSDT.BINANCE,BINANCE-001,O-20240503-030000-001-000-283,O-20240503-170000-001-000-284,BUY,FLAT,0.000000,0.084002,2024-05-03 03:00:00+00:00,1714755600000000000,2024-05-03 17:00:00+00:00,50400000000000.0,59522.68,61805.85,['10.19183918 USDT'],0.03836,181.59900716 USDT
BINANCE-1-143,BACKTESTER-001,ModelStrategy-000,BTCUSDT.BINANCE,BINANCE-001,O-20240503-170000-001-000-285,O-20240503-180000-001-000-286,SELL,FLAT,0.000000,0.080898,2024-05-03 17:00:00+00:00,1714759200000000000,2024-05-03 18:00:00+00:00,3600000000000.0,61805.85,61829.16,['10.00182504 USDT'],-0.00038,-11.88755742 USDT
BINANCE-1-144,BACKTESTER-001,ModelStrategy-000,BTCUSDT.BINANCE,BINANCE-001,O-20240503-180000-001-000-287,O-20240504-060000-001-000-288,BUY,FLAT,0.000000,0.080868,2024-05-03 18:00:00+00:00,1714802400000000000,2024-05-04 06:00:00+00:00,43200000000000.0,61829.16,62966.93,['10.09201021 USDT'],0.0184,81.91717415 USDT
BINANCE-1-145,BACKTESTER-001,ModelStrategy-000,BTCUSDT.BINANCE,BINANCE-001,O-20240504-060000-001-000-289,O-20240504-070000-001-000-290,SELL,FLAT,0.000000,0.079407,2024-05-04 06:00:00+00:00,1714806000000000000,2024-05-04 07:00:00+00:00,3600000000000.0,62966.93,63300.0,['10.02647811 USDT'],-0.00529,-36.47456760 USDT
BINANCE-1-146,BACKTESTER-001,ModelStrategy-000,BTCUSDT.BINANCE,BINANCE-001,O-20240504-070000-001-000-291,O-20240504-100000-001-000-292,BUY,FLAT,0.000000,0.078989,2024-05-04 07:00:00+00:00,1714816800000000000,2024-05-04 10:00:00+00:00,10800000000000.0,63300.0,64420.91,['10.08854696 USDT'],0.01771,78.45101303 USDT
BINANCE-1-147,BACKTESTER-001,ModelStrategy-000,BTCUSDT.BINANCE,BINANCE-001,O-20240504-100000-001-000-293,O-20240504-110000-001-000-294,SELL,FLAT,0.000000,0.077615,2024-05-04 10:00:00+00:00,1714820400000000000,2024-05-04 11:00:00+00:00,3600000000000.0,64420.91,63873.31,['9.95755589 USDT'],0.0085,32.54441811 USDT
BINANCE-1-148,BACKTESTER-001,ModelStrategy-000,BTCUSDT.BINANCE,BINANCE-001,O-20240504-110000-001-000-295,O-20240504-160000-001-000-296,BUY,FLAT,0.000000,0.078280,2024-05-04 11:00:00+00:00,1714838400000000000,2024-05-04 16:00:00+00:00,18000000000000.0,63873.31,63300.58,['9.95517211 USDT'],-0.00897,-54.78847651 USDT
BINANCE-1-149,BACKTESTER-001,ModelStrategy-000,BTCUSDT.BINANCE,BINANCE-001,O-20240504-160000-001-000-297,O-20240504-170000-001-000-298,SELL,FLAT,0.000000,0.078988,2024-05-04 16:00:00+00:00,1714842000000000000,2024-05-04 17:00:00+00:00,3600000000000.0,63300.58,63463.3,['10.01282535 USDT'],-0.00257,-22.86575271 USDT
BINANCE-1-150,BACKTESTER-001,ModelStrategy-000,BTCUSDT.BINANCE,BINANCE-001,O-20240504-170000-001-000-299,O-20240504-180000-001-000-300,BUY,FLAT,0.000000,0.078786,2024-05-04 17:00:00+00:00,1714845600000000000,2024-05-04 18:00:00+00:00,3600000000000.0,63463.3,64240.76,['10.06129207 USDT'],0.01225,51.19167149 USDT
BINANCE-1-151,BACKTESTER-001,ModelStrategy-000,BTCUSDT.BINANCE,BINANCE-001,O-20240504-180000-001-000-301,O-20240504-190000-001-000-302,SELL,FLAT,0.000000,0.077832,2024-05-04 18:00:00+00:00,1714849200000000000,2024-05-04 19:00:00+00:00,3600000000000.0,64240.76,63903.91,['9.97375595 USDT'],0.00524,16.24395325 USDT
BINANCE-1-152,BACKTESTER-001,ModelStrategy-000,BTCUSDT.BINANCE,BINANCE-001,O-20240504-190000-001-000-303,O-20240505-140000-001-000-304,BUY,FLAT,0.000000,0.078242,2024-05-04 19:00:00+00:00,1714917600000000000,2024-05-05 14:00:00+00:00,68400000000000.0,63903.91,64100.0,['10.01528193 USDT'],0.00307,5.32719185 USDT
BINANCE-1-153,BACKTESTER-001,ModelStrategy-000,BTCUSDT.BINANCE,BINANCE-001,O-20240505-140000-001-000-305,O-20240505-150000-001-000-306,SELL,FLAT,0.000000,0.078003,2024-05-05 14:00:00+00:00,1714921200000000000,2024-05-05 15:00:00+00:00,3600000000000.0,64100.0,64428.65,['10.02562029 USDT'],-0.00513,-35.66130624 USDT
BINANCE-1-154,BACKTESTER-001,ModelStrategy-000,BTCUSDT.BINANCE,BINANCE-001,O-20240505-150000-001-000-307,O-20240505-190000-001-000-308,BUY,FLAT,0.000000,0.077605,2024-05-05 15:00:00+00:00,1714935600000000000,2024-05-05 19:00:00+00:00,14400000000000.0,64428.65,63879.94,['9.95738812 USDT'],-0.00852,-52.54002767 USDT
BINANCE-1-155,BACKTESTER-001,ModelStrategy-000,BTCUSDT.BINANCE,BINANCE-001,O-20240505-190000-001-000-309,O-20240505-200000-001-000-310,SELL,FLAT,0.000000,0.078272,2024-05-05 19:00:00+00:00,1714939200000000000,2024-05-05 20:00:00+00:00,3600000000000.0,63879.94,63738.78,['9.98897245 USDT'],0.00221,1.05990307 USDT
BINANCE-1-156,BACKTESTER-001,ModelStrategy-000,BTCUSDT.BINANCE,BINANCE-001,O-20240505-200000-001-000-311,O-20240506-050000-001-000-312,BUY,FLAT,0.000000,0.078445,2024-05-05 20:00:00+00:00,1714971600000000000,2024-05-06 05:00:00+00:00,32400000000000.0,63738.78,64137.92,['10.03128773 USDT'],0.00626,21.27924957 USDT
BINANCE-1-157,BACKTESTER-001,ModelStrategy-000,BTCUSDT.BINANCE,BINANCE-001,O-20240506-050000-001-000-313,O-20240506-060000-001-000-314,SELL,FLAT,0.000000,0.077957,2024-05-06 05:00:00+00:00,1714975200000000000,2024-05-06 06:00:00+00:00,3600000000000.0,64137.92,64230.02,['10.00717950 USDT'],-0.00144,-17.18701920 USDT
BINANCE-1-158,BACKTESTER-001,ModelStrategy-000,BTCUSDT.BINANCE,BINANCE-001,O-20240506-060000-001-000-315,O-20240508-060000-001-000-316,BUY,FLAT,0.000000,0.077845,2024-05-06 06:00:00+00:00,1715148000000000000,2024-05-08 06:00:00+00:00,172800000000000.0,64230.02,62505.98,['9.86576392 USDT'],-0.02684,-144.07365772 USDT
BINANCE-1-159,BACKTESTER-001,ModelStrategy-000,BTCUSDT.BINANCE,BINANCE-001,O-20240508-060000-001-000-317,O-20240508-070000-001-000-318,SELL,FLAT,0.000000,0.079992,2024-05-08 06:00:00+00:00,1715151600000000000,2024-05-08 07:00:00+00:00,3600000000000.0,62505.98,62302.0,['9.98363993 USDT'],0.00326,6.33312823 USDT
BINANCE-1-160,BACKTESTER-001,ModelStrategy-000,BTCUSDT.BINANCE,BINANCE-001,O-20240508-070000-001-000-319,O-20240511-040000-001-000-320,BUY,FLAT,0.000000,0.080254,2024-05-08 07:00:00+00:00,1715400000000000000,2024-05-11 04:00:00+00:00,248400000000000.0,62302.0,60953.0,['9.89170677 USDT'],-0.02165,-118.15435277 USDT
BINANCE-1-161,BACKTESTER-001,ModelStrategy-000,BTCUSDT.BINANCE,BINANCE-001,O-20240511-040000-001-000-321,O-20240511-060000-001-000-322,SELL,FLAT,0.000000,0.082030,2024-05-11 04:00:00+00:00,1715407200000000000,2024-05-11 06:00:00+00:00,7200000000000.0,60953.0,60790.01,['9.98657911 USDT'],0.00267,3.38349059 USDT
BINANCE-1-162,BACKTESTER-001,ModelStrategy-000,BTCUSDT.BINANCE,BINANCE-001,O-20240511-060000-001-000-323,O-20240511-130000-001-000-324,BUY,FLAT,0.000000,0.082250,2024-05-11 06:00:00+00:00,1715432400000000000,2024-05-11 13:00:00+00:00,25200000000000.0,60790.01,61515.0,['10.05958707 USDT'],0.01193,49.57084043 USDT
BINANCE-1-163,BACKTESTER-001,ModelStrategy-000,BTCUSDT.BINANCE,BINANCE-001,O-20240511-130000-001-000-325,O-20240511-150000-001-000-326,SELL,FLAT,0.000000,0.081281,2024-05-11 13:00:00+00:00,1715439600000000000,2024-05-11 15:00:00+00:00,7200000000000.0,61515.0,61099.04,['9.96619179 USDT'],0.00676,23.84345297 USDT
BINANCE-1-164,BACKTESTER-001,ModelStrategy-000,BTCUSDT.BINANCE,BINANCE-001,O-20240511-150000-001-000-327,O-20240512-020000-001-000-328,BUY,FLAT,0.000000,0.081834,2024-05-11 15:00:00+00:00,1715479200000000000,2024-05-12 02:00:00+00:00,39600000000000.0,61099.04,60863.81,['9.98070787 USDT'],-0.00385,-29.23051969 USDT
BINANCE-1-165,BACKTESTER-001,ModelStrategy-000,BTCUSDT.BINANCE,BINANCE-001,O-20240512-020000-001-000-329,O-20240512-030000-001-000-330,SELL,FLAT,0.000000,0.082151,2024-05-12 02:00:00+00:00,1715482800000000000,2024-05-12 03:00:00+00:00,3600000000000.0,60863.81,61050.01,['10.01534223 USDT'],-0.00306,-25.31185843 USDT
BINANCE-1-166,BACKTESTER-001,ModelStrategy-000,BTCUSDT.BINANCE,BINANCE-001,O-20240512-030000-001-000-331,O-20240513-080000-001-000-332,BUY,FLAT,0.000000,0.081900,2024-05-12 03:00:00+00:00,1715587200000000000,2024-05-13 08:00:00+00:00,104400000000000.0,61050.01,62674.69,['10.13305293 USDT'],0.02661,122.92823907 USDT
BINANCE-1-167,BACKTESTER-001,ModelStrategy-000,BTCUSDT.BINANCE,BINANCE-001,O-20240513-080000-001-000-333,O-20240513-110000-001-000-334,SELL,FLAT,0.000000,0.079777,2024-05-13 08:00:00+00:00,1715598000000000000,2024-05-13 11:00:00+00:00,10800000000000.0,62674.69,62738.0,['10.00504817 USDT'],-0.00101,-15.05573004 USDT
BINANCE-1-168,BACKTESTER-001,ModelStrategy-000,BTCUSDT.BINANCE,BINANCE-001,O-20240513-110000-001-000-335,O-20240513-120000-001-000-336,BUY,FLAT,0.000000,0.079697,2024-05-13 11:00:00+00:00,1715601600000000000,2024-05-13 12:00:00+00:00,3600000000000.0,62738.0,63100.0,['10.02891109 USDT'],0.00577,18.82140291 USDT
BINANCE-1-169,BACKTESTER-001,ModelStrategy-000,BTCUSDT.BINANCE,BINANCE-001,O-20240513-120000-001-000-337,O-20240513-150000-001-000-338,SELL,FLAT,0.000000,0.079239,2024-05-13 12:00:00+00:00,1715612400000000000,2024-05-13 15:00:00+00:00,10800000000000.0,63100.0,62917.55,['9.98550464 USDT'],0.00289,4.47165091 USDT
BINANCE-1-170,BACKTESTER-001,ModelStrategy-000,BTCUSDT.BINANCE,BINANCE-001,O-20240513-150000-001-000-339,O-20240513-160000-001-000-340,BUY,FLAT,0.000000,0.079469,2024-05-13 15:00:00+00:00,1715616000000000000,2024-05-13 16:00:00+00:00,3600000000000.0,62917.55,62786.9,['9.98960694 USDT'],-0.00208,-20.37223179 USDT
BINANCE-1-171,BACKTESTER-001,ModelStrategy-000,BTCUSDT.BINANCE,BINANCE-001,O-20240513-160000-001-000-341,O-20240513-170000-001-000-342,SELL,FLAT,0.000000,0.079634,2024-05-13 16:00:00+00:00,1715619600000000000,2024-05-13 17:00:00+00:00,3600000000000.0,62786.9,62566.36,['9.98238150 USDT'],0.00351,7.58010086 USDT
BINANCE-1-172,BACKTESTER-001,ModelStrategy-000,BTCUSDT.BINANCE,BINANCE-001,O-20240513-170000-001-000-343,O-20240513-190000-001-000-344,BUY,FLAT,0.000000,0.079915,2024-05-13 17:00:00+00:00,1715626800000000000,2024-05-13 19:00:00+00:00,7200000000000.0,62566.36,63120.0,['10.04422546 USDT'],0.00885,34.19991514 USDT
BINANCE-1-173,BACKTESTER-001,ModelStrategy-000,BTCUSDT.BINANCE,BINANCE-001,O-20240513-190000-001-000-345,O-20240513-200000-001-000-346,SELL,FLAT,0.000000,0.079214,2024-05-13 19:00:00+00:00,1715630400000000000,2024-05-13 20:00:00+00:00,3600000000000.0,63120.0,62952.2,['9.98668325 USDT'],0.00266,3.30542595 USDT
BINANCE-1-174,BACKTESTER-001,ModelStrategy-000,BTCUSDT.BINANCE,BINANCE-001,O-20240513-200000-001-000-347,O-20240514-180000-001-000-348,BUY,FLAT,0.000000,0.079425,2024-05-13 20:00:00+00:00,1715709600000000000,2024-05-14 18:00:00+00:00,79200000000000.0,62952.2,61710.0,['9.90129524 USDT'],-0.01973,-108.56303024 USDT
BINANCE-1-175,BACKTESTER-001,ModelStrategy-000,BTCUSDT.BINANCE,BINANCE-001,O-20240514-180000-001-000-349,O-20240514-210000-001-000-350,SELL,FLAT,0.000000,0.081024,2024-05-14 18:00:00+00:00,1715720400000000000,2024-05-14 21:00:00+00:00,10800000000000.0,61710.0,61694.56,['9.99873107 USDT'],0.00025,-8.74772051 USDT
BINANCE-1-176,BACKTESTER-001,ModelStrategy-000,BTCUSDT.BINANCE,BINANCE-001,O-20240514-210000-001-000-351,O-20240515-070000-001-000-352,BUY,FLAT,0.000000,0.081044,2024-05-14 21:00:00+00:00,1715756400000000000,2024-05-15 07:00:00+00:00,36000000000000.0,61694.56,62044.8,['10.02833269 USDT'],0.00568,18.35651787 USDT
BINANCE-1-177,BACKTESTER-001,ModelStrategy-000,BTCUSDT.BINANCE,BINANCE-001,O-20240515-070000-001-000-353,O-20240515-080000-001-000-354,SELL,FLAT,0.000000,0.080587,2024-05-15 07:00:00+00:00,1715760000000000000,2024-05-15 08:00:00+00:00,3600000000000.0,62044.8,61923.2,['9.99020922 USDT'],0.00196,-0.19083002 USDT
BINANCE-1-178,BACKTESTER-001,ModelStrategy-000,BTCUSDT.BINANCE,BINANCE-001,O-20240515-080000-001-000-355,O-20240516-010000-001-000-356,BUY,FLAT,0.000000,0.080745,2024-05-15 08:00:00+00:00,1715821200000000000,2024-05-16 01:00:00+00:00,61200000000000.0,61923.2,65975.39,['10.32717165 USDT'],0.06544,316.86690990 USDT
BINANCE-1-179,BACKTESTER-001,ModelStrategy-000,BTCUSDT.BINANCE,BINANCE-001,O-20240516-010000-001-000-357,O-20240516-020000-001-000-358,SELL,FLAT,0.000000,0.075786,2024-05-16 01:00:00+00:00,1715824800000000000,2024-05-16 02:00:00+00:00,3600000000000.0,65975.39,65909.509999999,['9.99502903 USDT'],0.001,-5.00224735 USDT
BINANCE-1-180,BACKTESTER-001,ModelStrategy-000,BTCUSDT.BINANCE,BINANCE-001,O-20240516-020000-001-000-359,O-20240516-200000-001-000-360,BUY,FLAT,0.000000,0.075862,2024-05-16 02:00:00+00:00,1715889600000000000,2024-05-16 20:00:00+00:00,64800000000000.0,65909.509999999,65418.98,['9.96284191 USDT'],-0.00744,-47.17542877 USDT
BINANCE-1-181,BACKTESTER-001,ModelStrategy-000,BTCUSDT.BINANCE,BINANCE-001,O-20240516-200000-001-000-361,O-20240516-210000-001-000-362,SELL,FLAT,0.000000,0.076430,2024-05-16 20:00:00+00:00,1715893200000000000,2024-05-16 21:00:00+00:00,3600000000000.0,65418.98,65235.21,['9.98589974 USDT'],0.00281,4.05964136 USDT
BINANCE-1-182,BACKTESTER-001,ModelStrategy-000,BTCUSDT.BINANCE,BINANCE-001,O-20240516-210000-001-000-363,O-20240517-020000-001-000-364,BUY,FLAT,0.000000,0.076646,2024-05-16 21:00:00+00:00,1715911200000000000,2024-05-17 02:00:00+00:00,18000000000000.0,65235.21,65630.7,['10.03034854 USDT'],0.00606,20.28237800 USDT
BINANCE-1-183,BACKTESTER-001,ModelStrategy-000,BTCUSDT.BINANCE,BINANCE-001,O-20240517-020000-001-000-365,O-20240517-030000-001-000-366,SELL,FLAT,0.000000,0.076184,2024-05-17 02:00:00+00:00,1715914800000000000,2024-05-17 03:00:00+00:00,3600000000000.0,65630.7,65367.51,['9.97996763 USDT'],0.00401,10.07089933 USDT
BINANCE-1-184,BACKTESTER-001,ModelStrategy-000,BTCUSDT.BINANCE,BINANCE-001,O-20240517-030000-001-000-367,O-20240517-040000-001-000-368,BUY,FLAT,0.000000,0.076491,2024-05-17 03:00:00+00:00,1715918400000000000,2024-05-17 04:00:00+00:00,3600000000000.0,65367.51,66148.0,['10.05975288 USDT'],0.01194,49.64070771 USDT
BINANCE-1-185,BACKTESTER-001,ModelStrategy-000,BTCUSDT.BINANCE,BINANCE-001,O-20240517-040000-001-000-369,O-20240517-070000-001-000-370,SELL,FLAT,0.000000,0.075588,2024-05-17 04:00:00+00:00,1715929200000000000,2024-05-17 07:00:00+00:00,10800000000000.0,66148.0,66344.429999999,['10.01483779 USDT'],-0.00297,-24.86258863 USDT
BINANCE-1-186,BACKTESTER-001,ModelStrategy-000,BTCUSDT.BINANCE,BINANCE-001,O-20240517-070000-001-000-371,O-20240517-210000-001-000-372,BUY,FLAT,0.000000,0.075364,2024-05-17 07:00:00+00:00,1715979600000000000,2024-05-17 21:00:00+00:00,50400000000000.0,66344.429999999,66810.649999999,['10.03509945 USDT'],0.00703,25.10110463 USDT
BINANCE-1-187,BACKTESTER-001,ModelStrategy-000,BTCUSDT.BINANCE,BINANCE-001,O-20240517-210000-001-000-373,O-20240517-230000-001-000-374,SELL,FLAT,0.000000,0.074838,2024-05-17 21:00:00+00:00,1715986800000000000,2024-05-17 23:00:00+00:00,7200000000000.0,66810.649999999,67017.99,['10.01546776 USDT'],-0.0031,-25.53237868 USDT
BINANCE-1-188,BACKTESTER-001,ModelStrategy-000,BTCUSDT.BINANCE,BINANCE-001,O-20240517-230000-001-000-375,O-20240518-050000-001-000-376,BUY,FLAT,0.000000,0.074607,2024-05-17 23:00:00+00:00,1716008400000000000,2024-05-18 05:00:00+00:00,21600000000000.0,67017.99,67240.69,['10.01663734 USDT'],0.00332,6.59834156 USDT
BINANCE-1-189,BACKTESTER-001,ModelStrategy-000,BTCUSDT.BINANCE,BINANCE-001,O-20240518-050000-001-000-377,O-20240518-060000-001-000-378,SELL,FLAT,0.000000,0.074360,2024-05-18 05:00:00+00:00,1716012000000000000,2024-05-18 06:00:00+00:00,3600000000000.0,67240.69,66920.03,['9.97619114 USDT'],0.00477,13.86808646 USDT
BINANCE-1-190,BACKTESTER-001,ModelStrategy-000,BTCUSDT.BINANCE,BINANCE-001,O-20240518-060000-001-000-379,O-20240518-160000-001-000-380,BUY,FLAT,0.000000,0.074716,2024-05-18 06:00:00+00:00,1716048000000000000,2024-05-18 16:00:00+00:00,36000000000000.0,66920.03,66888.17,['9.99761347 USDT'],-0.00048,-12.37806523 USDT
BINANCE-1-191,BACKTESTER-001,ModelStrategy-000,BTCUSDT.BINANCE,BINANCE-001,O-20240518-160000-001-000-381,O-20240518-180000-001-000-382,SELL,FLAT,0.000000,0.074752,2024-05-18 16:00:00+00:00,1716055200000000000,2024-05-18 18:00:00+00:00,7200000000000.0,66888.17,66796.36,['9.99318598 USDT'],0.00137,-3.13020486 USDT
BINANCE-1-192,BACKTESTER-001,ModelStrategy-000,BTCUSDT.BINANCE,BINANCE-001,O-20240518-180000-001-000-383,O-20240519-170000-001-000-384,BUY,FLAT,0.000000,0.074854,2024-05-18 18:00:00+00:00,1716138000000000000,2024-05-19 17:00:00+00:00,82800000000000.0,66796.36,66034.009999999,['9.94288451 USDT'],-0.01141,-67.00783141 USDT
BINANCE-1-193,BACKTESTER-001,ModelStrategy-000,BTCUSDT.BINANCE,BINANCE-001,O-20240519-170000-001-000-385,O-20240519-190000-001-000-386,SELL,FLAT,0.000000,0.075719,2024-05-19 17:00:00+00:00,1716145200000000000,2024-05-19 19:00:00+00:00,7200000000000.0,66034.009999999,66280.0,['10.01868452 USDT'],-0.00373,-28.64480133 USDT
BINANCE-1-194,BACKTESTER-001,ModelStrategy-000,BTCUSDT.BINANCE,BINANCE-001,O-20240519-190000-001-000-387,O-20240520-000000-001-000-388,BUY,FLAT,0.000000,0.075438,2024-05-19 19:00:00+00:00,1716163200000000000,2024-05-20 00:00:00+00:00,18000000000000.0,66280.0,66674.02,['10.02978536 USDT'],0.00594,19.69429540 USDT
BINANCE-1-195,BACKTESTER-001,ModelStrategy-000,BTCUSDT.BINANCE,BINANCE-001,O-20240520-000000-001-000-389,O-20240520-010000-001-000-390,SELL,FLAT,0.000000,0.074992,2024-05-20 00:00:00+00:00,1716166800000000000,2024-05-20 01:00:00+00:00,3600000000000.0,66674.02,66675.21,['10.00012546 USDT'],-2e-05,-10.08936594 USDT
BINANCE-1-196,BACKTESTER-001,ModelStrategy-000,BTCUSDT.BINANCE,BINANCE-001,O-20240520-010000-001-000-391,O-20240520-020000-001-000-392,BUY,FLAT,0.000000,0.074990,2024-05-20 01:00:00+00:00,1716170400000000000,2024-05-20 02:00:00+00:00,3600000000000.0,66675.21,67132.44,['10.03423568 USDT'],0.00686,24.25344202 USDT
BINANCE-1-197,BACKTESTER-001,ModelStrategy-000,BTCUSDT.BINANCE,BINANCE-001,O-20240520-020000-001-000-393,O-20240520-060000-001-000-394,SELL,FLAT,0.000000,0.074480,2024-05-20 02:00:00+00:00,1716184800000000000,2024-05-20 06:00:00+00:00,14400000000000.0,67132.44,67057.97,['9.99450174 USDT'],0.00111,-4.44797614 USDT
BINANCE-1-198,BACKTESTER-001,ModelStrategy-000,BTCUSDT.BINANCE,BINANCE-001,O-20240520-060000-001-000-395,O-20240520-190000-001-000-396,BUY,FLAT,0.000000,0.074562,2024-05-20 06:00:00+00:00,1716231600000000000,2024-05-20 19:00:00+00:00,46800000000000.0,67057.97,69999.99,['10.21931561 USDT'],0.04387,209.14357963 USDT
BINANCE-1-199,BACKTESTER-001,ModelStrategy-000,BTCUSDT.BINANCE,BINANCE-001,O-20240520-190000-001-000-397,O-20240521-000000-001-000-398,SELL,FLAT,0.000000,0.071429,2024-05-20 19:00:00+00:00,1716249600000000000,2024-05-21 00:00:00+00:00,18000000000000.0,69999.99,70706.0,['10.05048816 USDT'],-0.01009,-60.48007645 USDT
BINANCE-1-200,BACKTESTER-001,ModelStrategy-000,BTCUSDT.BINANCE,BINANCE-001,O-20240521-000000-001-000-399,O-20240523-230000-001-000-400,BUY,FLAT,0.000000,0.070715,2024-05-21 00:00:00+00:00,1716505200000000000,2024-05-23 23:00:00+00:00,255600000000000.0,70706.0,67969.649999999,['9.80644859 USDT'],-0.0387,-203.30743884 USDT
BINANCE-1-201,BACKTESTER-001,ModelStrategy-000,BTCUSDT.BINANCE,BINANCE-001,O-20240523-230000-001-000-401,O-20240524-000000-001-000-402,SELL,FLAT,0.000000,0.073562,2024-05-23 23:00:00+00:00,1716508800000000000,2024-05-24 00:00:00+00:00,3600000000000.0,67969.649999999,67657.55,['9.97700808 USDT'],0.00459,12.98169212 USDT
BINANCE-1-202,BACKTESTER-001,ModelStrategy-000,BTCUSDT.BINANCE,BINANCE-001,O-20240524-000000-001-000-403,O-20240527-000000-001-000-404,BUY,FLAT,0.000000,0.073902,2024-05-24 00:00:00+00:00,1716768000000000000,2024-05-27 00:00:00+00:00,259200000000000.0,67657.55,69111.34,['10.10749451 USDT'],0.02149,97.33049407 USDT
BINANCE-1-203,BACKTESTER-001,ModelStrategy-000,BTCUSDT.BINANCE,BINANCE-001,O-20240527-000000-001-000-405,O-20240527-020000-001-000-406,SELL,FLAT,0.000000,0.072347,2024-05-27 00:00:00+00:00,1716775200000000000,2024-05-27 02:00:00+00:00,7200000000000.0,69111.34,68770.0,['9.97530130 USDT'],0.00494,14.71962368 USDT
BINANCE-1-204,BACKTESTER-001,ModelStrategy-000,BTCUSDT.BINANCE,BINANCE-001,O-20240527-020000-001-000-407,O-20240527-120000-001-000-408,BUY,FLAT,0.000000,0.072706,2024-05-27 02:00:00+00:00,1716811200000000000,2024-05-27 12:00:00+00:00,36000000000000.0,68770.0,69500.0,['10.05305862 USDT'],0.01062,43.02232138 USDT
BINANCE-1-205,BACKTESTER-001,ModelStrategy-000,BTCUSDT.BINANCE,BINANCE-001,O-20240527-120000-001-000-409,O-20240527-180000-001-000-410,SELL,FLAT,0.000000,0.071942,2024-05-27 12:00:00+00:00,1716832800000000000,2024-05-27 18:00:00+00:00,21600000000000.0,69500.0,69985.5,['10.03486584 USDT'],-0.00699,-44.96270684 USDT
BINANCE-1-206,BACKTESTER-001,ModelStrategy-000,BTCUSDT.BINANCE,BINANCE-001,O-20240527-180000-001-000-411,O-20240530-040000-001-000-412,BUY,FLAT,0.000000,0.071443,2024-05-27 18:00:00+00:00,1717041600000000000,2024-05-30 04:00:00+00:00,208800000000000.0,69985.5,68163.0,['9.86974329 USDT'],-0.02604,-140.07461079 USDT
BINANCE-1-207,BACKTESTER-001,ModelStrategy-000,BTCUSDT.BINANCE,BINANCE-001,O-20240530-040000-001-000-413,O-20240530-050000-001-000-414,SELL,FLAT,0.000000,0.073354,2024-05-30 04:00:00+00:00,1717045200000000000,2024-05-30 05:00:00+00:00,3600000000000.0,68163.0,68134.14,['9.99794041 USDT'],0.00042,-7.88094397 USDT
BINANCE-1-208,BACKTESTER-001,ModelStrategy-000,BTCUSDT.BINANCE,BINANCE-001,O-20240530-050000-001-000-415,O-20240601-110000-001-000-416,BUY,FLAT,0.000000,0.073385,2024-05-30 05:00:00+00:00,1717239600000000000,2024-06-01 11:00:00+00:00,194400000000000.0,68134.14,67837.0,['9.97824211 USDT'],-0.00436,-31.78386101 USDT
BINANCE-1-209,BACKTESTER-001,ModelStrategy-000,BTCUSDT.BINANCE,BINANCE-001,O-20240601-110000-001-000-417,O-20240601-150000-001-000-418,SELL,FLAT,0.000000,0.073706,2024-06-01 11:00:00+00:00,1717254000000000000,2024-06-01 15:00:00+00:00,14400000000000.0,67837.0,67791.02,['9.99659884 USDT'],0.00068,-6.60759696 USDT
BINANCE-1-210,BACKTESTER-001,ModelStrategy-000,BTCUSDT.BINANCE,BINANCE-001,O-20240601-150000-001-000-419,O-20240602-040000-001-000-420,BUY,FLAT,0.000000,0.073756,2024-06-01 15:00:00+00:00,1717300800000000000,2024-06-02 04:00:00+00:00,46800000000000.0,67791.02,67841.09,['10.00368190 USDT'],0.00074,-6.31071898 USDT
BINANCE-1-211,BACKTESTER-001,ModelStrategy-000,BTCUSDT.BINANCE,BINANCE-001,O-20240602-040000-001-000-421,O-20240602-050000-001-000-422,SELL,FLAT,0.000000,0.073702,2024-06-02 04:00:00+00:00,1717304400000000000,2024-06-02 05:00:00+00:00,3600000000000.0,67841.09,67728.399999999,['9.99174256 USDT'],0.00166,-1.68626418 USDT
BINANCE-1-212,BACKTESTER-001,ModelStrategy-000,BTCUSDT.BINANCE,BINANCE-001,O-20240602-050000-001-000-423,O-20240602-100000-001-000-424,BUY,FLAT,0.000000,0.073824,2024-06-02 05:00:00+00:00,1717322400000000000,2024-06-02 10:00:00+00:00,18000000000000.0,67728.399999999,67934.99,['10.01521410 USDT'],0.00305,5.23608606 USDT
BINANCE-1-213,BACKTESTER-001,ModelStrategy-000,BTCUSDT.BINANCE,BINANCE-001,O-20240602-100000-001-000-425,O-20240602-110000-001-000-426,SELL,FLAT,0.000000,0.073600,2024-06-02 10:00:00+00:00,1717326000000000000,2024-06-02 11:00:00+00:00,3600000000000.0,67934.99,68251.52,['10.02332713 USDT'],-0.00466,-33.31993513 USDT
BINANCE-1-214,BACKTESTER-001,ModelStrategy-000,BTCUSDT.BINANCE,BINANCE-001,O-20240602-110000-001-000-427,O-20240602-210000-001-000-428,BUY,FLAT,0.000000,0.073258,2024-06-02 11:00:00+00:00,1717362000000000000,2024-06-02 21:00:00+00:00,36000000000000.0,68251.52,67816.14,['9.96804463 USDT'],-0.00638,-41.86311267 USDT
BINANCE-1-215,BACKTESTER-001,ModelStrategy-000,BTCUSDT.BINANCE,BINANCE-001,O-20240602-210000-001-000-429,O-20240602-220000-001-000-430,SELL,FLAT,0.000000,0.073729,2024-06-02 21:00:00+00:00,1717365600000000000,2024-06-02 22:00:00+00:00,3600000000000.0,67816.14,67765.619999999,['9.99630759 USDT'],0.00074,-6.27151851 USDT
BINANCE-1-216,BACKTESTER-001,ModelStrategy-000,BTCUSDT.BINANCE,BINANCE-001,O-20240602-220000-001-000-431,O-20240604-070000-001-000-432,BUY,FLAT,0.000000,0.073784,2024-06-02 22:00:00+00:00,1717484400000000000,2024-06-04 07:00:00+00:00,118800000000000.0,67765.619999999,68890.009999999,['10.08299901 USDT'],0.01659,72.87899275 USDT
BINANCE-1-217,BACKTESTER-001,ModelStrategy-000,BTCUSDT.BINANCE,BINANCE-001,O-20240604-070000-001-000-433,O-20240604-080000-001-000-434,SELL,FLAT,0.000000,0.072579,2024-06-04 07:00:00+00:00,1717488000000000000,2024-06-04 08:00:00+00:00,3600000000000.0,68890.009999999,68836.539999999,['9.99605528 USDT'],0.00078,-6.11525615 USDT
BINANCE-1-218,BACKTESTER-001,ModelStrategy-000,BTCUSDT.BINANCE,BINANCE-001,O-20240604-080000-001-000-435,O-20240605-080000-001-000-436,BUY,FLAT,0.000000,0.072636,2024-06-04 08:00:00+00:00,1717574400000000000,2024-06-05 08:00:00+00:00,86400000000000.0,68836.539999999,70800.33,['10.14266369 USDT'],0.02853,132.49918675 USDT
BINANCE-1-219,BACKTESTER-001,ModelStrategy-000,BTCUSDT.BINANCE,BINANCE-001,O-20240605-080000-001-000-437,O-20240605-090000-001-000-438,SELL,FLAT,0.000000,0.070621,2024-06-05 08:00:00+00:00,1717578000000000000,2024-06-05 09:00:00+00:00,3600000000000.0,70800.33,71093.96,['10.02071665 USDT'],-0.00415,-30.75716088 USDT
BINANCE-1-220,BACKTESTER-001,ModelStrategy-000,BTCUSDT.BINANCE,BINANCE-001,O-20240605-090000-001-000-439,O-20240607-020000-001-000-440,BUY,FLAT,0.000000,0.070329,2024-06-05 09:00:00+00:00,1717725600000000000,2024-06-07 02:00:00+00:00,147600000000000.0,71093.96,70824.08,['9.98095383 USDT'],-0.0038,-28.96134435 USDT
BINANCE-1-221,BACKTESTER-001,ModelStrategy-000,BTCUSDT.BINANCE,BINANCE-001,O-20240607-020000-001-000-441,O-20240607-060000-001-000-442,SELL,FLAT,0.000000,0.070597,2024-06-07 02:00:00+00:00,1717740000000000000,2024-06-07 06:00:00+00:00,14400000000000.0,70824.08,71192.4,['10.02593744 USDT'],-0.0052,-36.02822448 USDT
BINANCE-1-222,BACKTESTER-001,ModelStrategy-000,BTCUSDT.BINANCE,BINANCE-001,O-20240607-060000-001-000-443,O-20240607-210000-001-000-444,BUY,FLAT,0.000000,0.070232,2024-06-07 06:00:00+00:00,1717794000000000000,2024-06-07 21:00:00+00:00,54000000000000.0,71192.4,69184.0,['9.85891533 USDT'],-0.02821,-150.91286413 USDT
BINANCE-1-223,BACKTESTER-001,ModelStrategy-000,BTCUSDT.BINANCE,BINANCE-001,O-20240607-210000-001-000-445,O-20240607-220000-001-000-446,SELL,FLAT,0.000000,0.072271,2024-06-07 21:00:00+00:00,1717797600000000000,2024-06-07 22:00:00+00:00,3600000000000.0,69184.0,69323.539999999,['10.01007842 USDT'],-0.00202,-20.09477376 USDT
BINANCE-1-224,BACKTESTER-001,ModelStrategy-000,BTCUSDT.BINANCE,BINANCE-001,O-20240607-220000-001-000-447,O-20240609-150000-001-000-448,BUY,FLAT,0.000000,0.072126,2024-06-07 22:00:00+00:00,1717945200000000000,2024-06-09 15:00:00+00:00,147600000000000.0,69323.539999999,69698.479999999,['10.02710222 USDT'],0.00541,17.01582022 USDT
BINANCE-1-225,BACKTESTER-001,ModelStrategy-000,BTCUSDT.BINANCE,BINANCE-001,O-20240609-150000-001-000-449,O-20240609-160000-001-000-450,SELL,FLAT,0.000000,0.071738,2024-06-09 15:00:00+00:00,1717948800000000000,2024-06-09 16:00:00+00:00,3600000000000.0,69698.479999999,69570.0,['9.99084222 USDT'],0.00184,-0.77394398 USDT
BINANCE-1-226,BACKTESTER-001,ModelStrategy-000,BTCUSDT.BINANCE,BINANCE-001,O-20240609-160000-001-000-451,O-20240611-220000-001-000-452,BUY,FLAT,0.000000,0.071870,2024-06-09 16:00:00+00:00,1718143200000000000,2024-06-11 22:00:00+00:00,194400000000000.0,69570.0,67199.99,['9.82965918 USDT'],-0.03407,-180.16227788 USDT
BINANCE-1-227,BACKTESTER-001,ModelStrategy-000,BTCUSDT.BINANCE,BINANCE-001,O-20240611-220000-001-000-453,O-20240611-230000-001-000-454,SELL,FLAT,0.000000,0.074405,2024-06-11 22:00:00+00:00,1718146800000000000,2024-06-11 23:00:00+00:00,3600000000000.0,67199.99,67240.0,['10.00300746 USDT'],-0.0006,-12.97995151 USDT
BINANCE-1-228,BACKTESTER-001,ModelStrategy-000,BTCUSDT.BINANCE,BINANCE-001,O-20240611-230000-001-000-455,O-20240612-060000-001-000-456,BUY,FLAT,0.000000,0.074360,2024-06-11 23:00:00+00:00,1718172000000000000,2024-06-12 06:00:00+00:00,25200000000000.0,67240.0,67281.64,['10.00302915 USDT'],0.00062,-6.90667875 USDT
BINANCE-1-229,BACKTESTER-001,ModelStrategy-000,BTCUSDT.BINANCE,BINANCE-001,O-20240612-060000-001-000-457,O-20240612-070000-001-000-458,SELL,FLAT,0.000000,0.074314,2024-06-12 06:00:00+00:00,1718175600000000000,2024-06-12 07:00:00+00:00,3600000000000.0,67281.64,67453.63,['10.01271685 USDT'],-0.00256,-22.79398171 USDT
BINANCE-1-230,BACKTESTER-001,ModelStrategy-000,BTCUSDT.BINANCE,BINANCE-001,O-20240612-070000-001-000-459,O-20240612-090000-001-000-460,BUY,FLAT,0.000000,0.074125,2024-06-12 07:00:00+00:00,1718182800000000000,2024-06-12 09:00:00+00:00,7200000000000.0,67453.63,67753.32,['10.02221517 USDT'],0.00444,12.19230608 USDT
BINANCE-1-231,BACKTESTER-001,ModelStrategy-000,BTCUSDT.BINANCE,BINANCE-001,O-20240612-090000-001-000-461,O-20240612-100000-001-000-462,SELL,FLAT,0.000000,0.073797,2024-06-12 09:00:00+00:00,1718186400000000000,2024-06-12 10:00:00+00:00,3600000000000.0,67753.32,67716.22,['9.99724565 USDT'],0.00055,-7.25937695 USDT
BINANCE-1-232,BACKTESTER-001,ModelStrategy-000,BTCUSDT.BINANCE,BINANCE-001,O-20240612-100000-001-000-463,O-20240613-210000-001-000-464,BUY,FLAT,0.000000,0.073838,2024-06-12 10:00:00+00:00,1718312400000000000,2024-06-13 21:00:00+00:00,126000000000000.0,67716.22,66909.259999999,['9.94047619 USDT'],-0.01192,-69.52478867 USDT
BINANCE-1-233,BACKTESTER-001,ModelStrategy-000,BTCUSDT.BINANCE,BINANCE-001,O-20240613-210000-001-000-465,O-20240613-220000-001-000-466,SELL,FLAT,0.000000,0.074728,2024-06-13 21:00:00+00:00,1718316000000000000,2024-06-13 22:00:00+00:00,3600000000000.0,66909.259999999,66681.399999999,['9.98296284 USDT'],0.00341,7.04455924 USDT
BINANCE-1-234,BACKTESTER-001,ModelStrategy-000,BTCUSDT.BINANCE,BINANCE-001,O-20240613-220000-001-000-467,O-20240614-110000-001-000-468,BUY,FLAT,0.000000,0.074983,2024-06-13 22:00:00+00:00,1718362800000000000,2024-06-14 11:00:00+00:00,46800000000000.0,66681.399999999,67370.24,['10.05159413 USDT'],0.01033,41.59969559 USDT
BINANCE-1-235,BACKTESTER-001,ModelStrategy-000,BTCUSDT.BINANCE,BINANCE-001,O-20240614-110000-001-000-469,O-20240614-120000-001-000-470,SELL,FLAT,0.000000,0.074217,2024-06-14 11:00:00+00:00,1718366400000000000,2024-06-14 12:00:00+00:00,3600000000000.0,67370.24,67083.3,['9.97873838 USDT'],0.00426,11.31708760 USDT
BINANCE-1-236,BACKTESTER-001,ModelStrategy-000,BTCUSDT.BINANCE,BINANCE-001,O-20240614-120000-001-000-471,O-20240615-110000-001-000-472,BUY,FLAT,0.000000,0.074534,2024-06-14 12:00:00+00:00,1718449200000000000,2024-06-15 11:00:00+00:00,82800000000000.0,67083.3,66222.7,['9.93582940 USDT'],-0.01283,-74.07978980 USDT
BINANCE-1-237,BACKTESTER-001,ModelStrategy-000,BTCUSDT.BINANCE,BINANCE-001,O-20240615-110000-001-000-473,O-20240615-120000-001-000-474,SELL,FLAT,0.000000,0.075503,2024-06-15 11:00:00+00:00,1718452800000000000,2024-06-15 12:00:00+00:00,3600000000000.0,66222.7,66348.009999999,['10.00948632 USDT'],-0.00189,-19.47076725 USDT
BINANCE-1-238,BACKTESTER-001,ModelStrategy-000,BTCUSDT.BINANCE,BINANCE-001,O-20240615-120000-001-000-475,O-20240616-000000-001-000-476,BUY,FLAT,0.000000,0.075360,2024-06-15 12:00:00+00:00,1718496000000000000,2024-06-16 00:00:00+00:00,43200000000000.0,66348.009999999,66182.259999999,['9.98748114 USDT'],-0.0025,-22.47840114 USDT
BINANCE-1-239,BACKTESTER-001,ModelStrategy-000,BTCUSDT.BINANCE,BINANCE-001,O-20240616-000000-001-000-477,O-20240616-020000-001-000-478,SELL,FLAT,0.000000,0.075549,2024-06-16 00:00:00+00:00,1718503200000000000,2024-06-16 02:00:00+00:00,7200000000000.0,66182.259999999,66142.86,['9.99703049 USDT'],0.0006,-7.02039989 USDT
BINANCE-1-240,BACKTESTER-001,ModelStrategy-000,BTCUSDT.BINANCE,BINANCE-001,O-20240616-020000-001-000-479,O-20240617-090000-001-000-480,BUY,FLAT,0.000000,0.075594,2024-06-16 02:00:00+00:00,1718614800000000000,2024-06-17 09:00:00+00:00,111600000000000.0,66142.86,65817.2,['9.97538878 USDT'],-0.00492,-34.59333082 USDT
BINANCE-1-241,BACKTESTER-001,ModelStrategy-000,BTCUSDT.BINANCE,BINANCE-001,O-20240617-090000-001-000-481,O-20240617-100000-001-000-482,SELL,FLAT,0.000000,0.075968,2024-06-17 09:00:00+00:00,1718618400000000000,2024-06-17 10:00:00+00:00,3600000000000.0,65817.2,65625.49,['9.98543827 USDT'],0.00291,4.57838701 USDT
BINANCE-1-242,BACKTESTER-001,ModelStrategy-000,BTCUSDT.BINANCE,BINANCE-001,O-20240617-100000-001-000-483,O-20240617-140000-001-000-484,BUY,FLAT,0.000000,0.076190,2024-06-17 10:00:00+00:00,1718632800000000000,2024-06-17 14:00:00+00:00,14400000000000.0,65625.49,65898.009999999,['10.02077546 USDT'],0.00415,10.74252334 USDT
BINANCE-1-243,BACKTESTER-001,ModelStrategy-000,BTCUSDT.BINANCE,BINANCE-001,O-20240617-140000-001-000-485,O-20240617-150000-001-000-486,SELL,FLAT,0.000000,0.075875,2024-06-17 14:00:00+00:00,1718636400000000000,2024-06-17 15:00:00+00:00,3600000000000.0,65898.009999999,65138.0,['9.94235726 USDT'],0.01153,47.72340149 USDT
BINANCE-1-244,BACKTESTER-001,ModelStrategy-000,BTCUSDT.BINANCE,BINANCE-001,O-20240617-150000-001-000-487,O-20240617-190000-001-000-488,BUY,FLAT,0.000000,0.076760,2024-06-17 15:00:00+00:00,1718650800000000000,2024-06-17 19:00:00+00:00,14400000000000.0,65138.0,66717.899999999,['10.12125888 USDT'],0.02425,111.15186512 USDT
BINANCE-1-245,BACKTESTER-001,ModelStrategy-000,BTCUSDT.BINANCE,BINANCE-001,O-20240617-190000-001-000-489,O-20240617-210000-001-000-490,SELL,FLAT,0.000000,0.074942,2024-06-17 19:00:00+00:00,1718658000000000000,2024-06-17 21:00:00+00:00,7200000000000.0,66717.899999999,66572.0,['9.98901168 USDT'],0.00219,0.94502612 USDT
BINANCE-1-246,BACKTESTER-001,ModelStrategy-000,BTCUSDT.BINANCE,BINANCE-001,O-20240617-210000-001-000-491,O-20240618-050000-001-000-492,BUY,FLAT,0.000000,0.075107,2024-06-17 21:00:00+00:00,1718686800000000000,2024-06-18 05:00:00+00:00,28800000000000.0,66572.0,65800.0,['9.94206380 USDT'],-0.0116,-67.92466780 USDT
BINANCE-1-247,BACKTESTER-001,ModelStrategy-000,BTCUSDT.BINANCE,BINANCE-001,O-20240618-050000-001-000-493,O-20240618-060000-001-000-494,SELL,FLAT,0.000000,0.075988,2024-06-18 05:00:00+00:00,1718690400000000000,2024-06-18 06:00:00+00:00,3600000000000.0,65800.0,65727.539999999,['9.99451471 USDT'],0.0011,-4.48842423 USDT
BINANCE-1-248,BACKTESTER-001,ModelStrategy-000,BTCUSDT.BINANCE,BINANCE-001,O-20240618-060000-001-000-495,O-20240620-180000-001-000-496,BUY,FLAT,0.000000,0.076072,2024-06-18 06:00:00+00:00,1718906400000000000,2024-06-20 18:00:00+00:00,216000000000000.0,65727.539999999,64830.0,['9.93177318 USDT'],-0.01366,-78.20943606 USDT
BINANCE-1-249,BACKTESTER-001,ModelStrategy-000,BTCUSDT.BINANCE,BINANCE-001,O-20240620-180000-001-000-497,O-20240620-190000-001-000-498,SELL,FLAT,0.000000,0.077125,2024-06-20 18:00:00+00:00,1718910000000000000,2024-06-20 19:00:00+00:00,3600000000000.0,64830.0,65001.97,['10.01329069 USDT'],-0.00265,-23.27647694 USDT
BINANCE-1-250,BACKTESTER-001,ModelStrategy-000,BTCUSDT.BINANCE,BINANCE-001,O-20240620-190000-001-000-499,O-20240621-050000-001-000-500,BUY,FLAT,0.000000,0.076921,2024-06-20 19:00:00+00:00,1718946000000000000,2024-06-21 05:00:00+00:00,36000000000000.0,65001.97,64201.63,['9.93847011 USDT'],-0.01231,-71.50142325 USDT
BINANCE-1-251,BACKTESTER-001,ModelStrategy-000,BTCUSDT.BINANCE,BINANCE-001,O-20240621-050000-001-000-501,O-20240621-060000-001-000-502,SELL,FLAT,0.000000,0.077880,2024-06-21 05:00:00+00:00,1718949600000000000,2024-06-21 06:00:00+00:00,3600000000000.0,64201.63,63639.64,['9.95627810 USDT'],0.00875,33.81150310 USDT
BINANCE-1-252,BACKTESTER-001,ModelStrategy-000,BTCUSDT.BINANCE,BINANCE-001,O-20240621-060000-001-000-503,O-20240622-010000-001-000-504,BUY,FLAT,0.000000,0.078567,2024-06-21 06:00:00+00:00,1719018000000000000,2024-06-22 01:00:00+00:00,68400000000000.0,63639.64,64144.34,['10.03960396 USDT'],0.00793,29.61316094 USDT
BINANCE-1-253,BACKTESTER-001,ModelStrategy-000,BTCUSDT.BINANCE,BINANCE-001,O-20240622-010000-001-000-505,O-20240622-020000-001-000-506,SELL,FLAT,0.000000,0.077949,2024-06-22 01:00:00+00:00,1719021600000000000,2024-06-22 02:00:00+00:00,3600000000000.0,64144.34,64271.95,['10.00992139 USDT'],-0.00199,-19.95699328 USDT
BINANCE-1-254,BACKTESTER-001,ModelStrategy-000,BTCUSDT.BINANCE,BINANCE-001,O-20240622-020000-001-000-507,O-20240625-040000-001-000-508,BUY,FLAT,0.000000,0.077794,2024-06-22 02:00:00+00:00,1719288000000000000,2024-06-25 04:00:00+00:00,266400000000000.0,64271.95,61371.27,['9.77428866 USDT'],-0.04513,-235.42978858 USDT
BINANCE-1-255,BACKTESTER-001,ModelStrategy-000,BTCUSDT.BINANCE,BINANCE-001,O-20240625-040000-001-000-509,O-20240625-060000-001-000-510,SELL,FLAT,0.000000,0.081471,2024-06-25 04:00:00+00:00,1719295200000000000,2024-06-25 06:00:00+00:00,7200000000000.0,61371.27,60860.11,['9.95831276 USDT'],0.00833,31.68640360 USDT
BINANCE-1-256,BACKTESTER-001,ModelStrategy-000,BTCUSDT.BINANCE,BINANCE-001,O-20240625-060000-001-000-511,O-20240627-140000-001-000-512,BUY,FLAT,0.000000,0.082156,2024-06-25 06:00:00+00:00,1719496800000000000,2024-06-27 14:00:00+00:00,201600000000000.0,60860.11,61829.99,['10.07972786 USDT'],0.01594,69.60173342 USDT
BINANCE-1-257,BACKTESTER-001,ModelStrategy-000,BTCUSDT.BINANCE,BINANCE-001,O-20240627-140000-001-000-513,O-20240627-160000-001-000-514,SELL,FLAT,0.000000,0.080867,2024-06-27 14:00:00+00:00,1719504000000000000,2024-06-27 16:00:00+00:00,7200000000000.0,61829.99,61690.0,['9.98869103 USDT'],0.00226,1.33188030 USDT
BINANCE-1-258,BACKTESTER-001,ModelStrategy-000,BTCUSDT.BINANCE,BINANCE-001,O-20240627-160000-001-000-515,O-20240629-000000-001-000-516,BUY,FLAT,0.000000,0.081050,2024-06-27 16:00:00+00:00,1719619200000000000,2024-06-29 00:00:00+00:00,115200000000000.0,61690.0,60978.28,['9.94226409 USDT'],-0.01154,-67.62717009 USDT
BINANCE-1-259,BACKTESTER-001,ModelStrategy-000,BTCUSDT.BINANCE,BINANCE-001,O-20240629-000000-001-000-517,O-20240629-030000-001-000-518,SELL,FLAT,0.000000,0.081996,2024-06-29 00:00:00+00:00,1719630000000000000,2024-06-29 03:00:00+00:00,10800000000000.0,60978.28,60762.0,['9.98221600 USDT'],0.00355,7.75187888 USDT
BINANCE-1-260,BACKTESTER-001,ModelStrategy-000,BTCUSDT.BINANCE,BINANCE-001,O-20240629-030000-001-000-519,O-20240709-180000-001-000-520,BUY,FLAT,0.000000,0.082288,2024-06-29 03:00:00+00:00,1720548000000000000,2024-07-09 18:00:00+00:00,918000000000000.0,60762.0,57929.26,['9.76686641 USDT'],-0.04662,-242.86737553 USDT
BINANCE-1-261,BACKTESTER-001,ModelStrategy-000,BTCUSDT.BINANCE,BINANCE-001,O-20240709-180000-001-000-521,O-20240709-220000-001-000-522,SELL,FLAT,0.000000,0.086312,2024-07-09 18:00:00+00:00,1720562400000000000,2024-07-09 22:00:00+00:00,14400000000000.0,57929.26,57486.38,['9.96175472 USDT'],0.00765,28.26410384 USDT
BINANCE-1-262,BACKTESTER-001,ModelStrategy-000,BTCUSDT.BINANCE,BINANCE-001,O-20240709-220000-001-000-523,O-20240712-070000-001-000-524,BUY,FLAT,0.000000,0.086977,2024-07-09 22:00:00+00:00,1720767600000000000,2024-07-12 07:00:00+00:00,205200000000000.0,57486.38,57028.87,['9.96019290 USDT'],-0.00796,-49.75304017 USDT
BINANCE-1-263,BACKTESTER-001,ModelStrategy-000,BTCUSDT.BINANCE,BINANCE-001,O-20240712-070000-001-000-525,O-20240712-080000-001-000-526,SELL,FLAT,0.000000,0.087675,2024-07-12 07:00:00+00:00,1720771200000000000,2024-07-12 08:00:00+00:00,3600000000000.0,57028.87,57323.02,['10.02580196 USDT'],-0.00516,-35.81540321 USDT
BINANCE-1-264,BACKTESTER-001,ModelStrategy-000,BTCUSDT.BINANCE,BINANCE-001,O-20240712-080000-001-000-527,O-20240712-160000-001-000-528,BUY,FLAT,0.000000,0.087225,2024-07-12 08:00:00+00:00,1720800000000000000,2024-07-12 16:00:00+00:00,28800000000000.0,57323.02,58526.68,['10.10499008 USDT'],0.021,94.88425342 USDT
BINANCE-1-265,BACKTESTER-001,ModelStrategy-000,BTCUSDT.BINANCE,BINANCE-001,O-20240712-160000-001-000-529,O-20240712-170000-001-000-530,SELL,FLAT,0.000000,0.085431,2024-07-12 16:00:00+00:00,1720803600000000000,2024-07-12 17:00:00+00:00,3600000000000.0,58526.68,58161.82,['9.96881524 USDT'],0.00623,21.20153942 USDT
BINANCE-1-266,BACKTESTER-001,ModelStrategy-000,BTCUSDT.BINANCE,BINANCE-001,O-20240712-170000-001-000-531,O-20240717-070000-001-000-532,BUY,FLAT,0.000000,0.085967,2024-07-12 17:00:00+00:00,1721199600000000000,2024-07-17 07:00:00+00:00,396000000000000.0,58161.82,64807.49,['10.57130267 USDT'],0.11426,560.73701022 USDT
BINANCE-1-267,BACKTESTER-001,ModelStrategy-000,BTCUSDT.BINANCE,BINANCE-001,O-20240717-070000-001-000-533,O-20240717-080000-001-000-534,SELL,FLAT,0.000000,0.077152,2024-07-17 07:00:00+00:00,1721203200000000000,2024-07-17 08:00:00+00:00,3600000000000.0,64807.49,65120.02,['10.02416725 USDT'],-0.00482,-34.13648181 USDT
BINANCE-1-268,BACKTESTER-001,ModelStrategy-000,BTCUSDT.BINANCE,BINANCE-001,O-20240717-080000-001-000-535,O-20240717-180000-001-000-536,BUY,FLAT,0.000000,0.076781,2024-07-17 08:00:00+00:00,1721239200000000000,2024-07-17 18:00:00+00:00,36000000000000.0,65120.02,64672.89,['9.96562943 USDT'],-0.00687,-44.29671796 USDT
BINANCE-1-269,BACKTESTER-001,ModelStrategy-000,BTCUSDT.BINANCE,BINANCE-001,O-20240717-180000-001-000-537,O-20240717-190000-001-000-538,SELL,FLAT,0.000000,0.077312,2024-07-17 18:00:00+00:00,1721242800000000000,2024-07-17 19:00:00+00:00,3600000000000.0,64672.89,64318.0,['9.97254369 USDT'],0.00549,17.46471199 USDT
BINANCE-1-270,BACKTESTER-001,ModelStrategy-000,BTCUSDT.BINANCE,BINANCE-001,O-20240717-190000-001-000-539,O-20240719-170000-001-000-540,BUY,FLAT,0.000000,0.077739,2024-07-17 19:00:00+00:00,1721408400000000000,2024-07-19 17:00:00+00:00,165600000000000.0,64318.0,67386.0,['10.23853725 USDT'],0.0477,228.26471475 USDT
BINANCE-1-271,BACKTESTER-001,ModelStrategy-000,BTCUSDT.BINANCE,BINANCE-001,O-20240719-170000-001-000-541,O-20240719-180000-001-000-542,SELL,FLAT,0.000000,0.074199,2024-07-19 17:00:00+00:00,1721412000000000000,2024-07-19 18:00:00+00:00,3600000000000.0,67386.0,66787.99,['9.95557588 USDT'],0.00887,34.41616811 USDT
BINANCE-1-272,BACKTESTER-001,ModelStrategy-000,BTCUSDT.BINANCE,BINANCE-001,O-20240719-180000-001-000-543,O-20240720-130000-001-000-544,BUY,FLAT,0.000000,0.074864,2024-07-19 18:00:00+00:00,1721480400000000000,2024-07-20 13:00:00+00:00,68400000000000.0,66787.99,66510.0,['9.97922072 USDT'],-0.00416,-30.79066408 USDT
BINANCE-1-273,BACKTESTER-001,ModelStrategy-000,BTCUSDT.BINANCE,BINANCE-001,O-20240720-130000-001-000-545,O-20240720-150000-001-000-546,SELL,FLAT,0.000000,0.075177,2024-07-20 13:00:00+00:00,1721487600000000000,2024-07-20 15:00:00+00:00,7200000000000.0,66510.0,66679.009999999,['10.01275020 USDT'],-0.00254,-22.71841497 USDT
BINANCE-1-274,BACKTESTER-001,ModelStrategy-000,BTCUSDT.BINANCE,BINANCE-001,O-20240720-150000-001-000-547,O-20240723-190000-001-000-548,BUY,FLAT,0.000000,0.074986,2024-07-20 15:00:00+00:00,1721761200000000000,2024-07-23 19:00:00+00:00,273600000000000.0,66679.009999999,65872.0,['9.93947003 USDT'],-0.0121,-70.45392189 USDT
BINANCE-1-275,BACKTESTER-001,ModelStrategy-000,BTCUSDT.BINANCE,BINANCE-001,O-20240723-190000-001-000-549,O-20240723-210000-001-000-550,SELL,FLAT,0.000000,0.075905,2024-07-23 19:00:00+00:00,1721768400000000000,2024-07-23 21:00:00+00:00,7200000000000.0,65872.0,65872.0,['10.00002832 USDT'],0.0,-10.00002832 USDT
BINANCE-1-276,BACKTESTER-001,ModelStrategy-000,BTCUSDT.BINANCE,BINANCE-001,O-20240723-210000-001-000-551,O-20240724-140000-001-000-552,BUY,FLAT,0.000000,0.075905,2024-07-23 21:00:00+00:00,1721829600000000000,2024-07-24 14:00:00+00:00,61200000000000.0,65872.0,66760.009999999,['10.06743272 USDT'],0.01348,57.33696633 USDT
BINANCE-1-277,BACKTESTER-001,ModelStrategy-000,BTCUSDT.BINANCE,BINANCE-001,O-20240724-140000-001-000-553,O-20240724-150000-001-000-554,SELL,FLAT,0.000000,0.074895,2024-07-24 14:00:00+00:00,1721833200000000000,2024-07-24 15:00:00+00:00,3600000000000.0,66760.009999999,66586.009999999,['9.98695017 USDT'],0.00261,3.04477983 USDT
BINANCE-1-278,BACKTESTER-001,ModelStrategy-000,BTCUSDT.BINANCE,BINANCE-001,O-20240724-150000-001-000-555,O-20240728-180000-001-000-556,BUY,FLAT,0.000000,0.075091,2024-07-24 15:00:00+00:00,1722189600000000000,2024-07-28 18:00:00+00:00,356400000000000.0,66586.009999999,68236.009999999,['10.12392031 USDT'],0.02478,113.77622969 USDT
BINANCE-1-279,BACKTESTER-001,ModelStrategy-000,BTCUSDT.BINANCE,BINANCE-001,O-20240728-180000-001-000-557,O-20240728-190000-001-000-558,SELL,FLAT,0.000000,0.073275,2024-07-28 18:00:00+00:00,1722193200000000000,2024-07-28 19:00:00+00:00,3600000000000.0,68236.009999999,68112.0,['9.99090043 USDT'],0.00182,-0.90406768 USDT
BINANCE-1-280,BACKTESTER-001,ModelStrategy-000,BTCUSDT.BINANCE,BINANCE-001,O-20240728-190000-001-000-559,O-20240731-060000-001-000-560,BUY,FLAT,0.000000,0.073409,2024-07-28 19:00:00+00:00,1722405600000000000,2024-07-31 06:00:00+00:00,212400000000000.0,68112.0,66213.0,['9.86066393 USDT'],-0.02788,-149.26435493 USDT
BINANCE-1-281,BACKTESTER-001,ModelStrategy-000,BTCUSDT.BINANCE,BINANCE-001,O-20240731-060000-001-000-561,O-20240731-080000-001-000-562,SELL,FLAT,0.000000,0.075514,2024-07-31 06:00:00+00:00,1722412800000000000,2024-07-31 08:00:00+00:00,7200000000000.0,66213.0,66162.369999999,['9.99619369 USDT'],0.00076,-6.17291987 USDT
BINANCE-1-282,BACKTESTER-001,ModelStrategy-000,BTCUSDT.BINANCE,BINANCE-001,O-20240731-080000-001-000-563,O-20240806-230000-001-000-564,BUY,FLAT,0.000000,0.075572,2024-07-31 08:00:00+00:00,1722985200000000000,2024-08-06 23:00:00+00:00,572400000000000.0,66162.369999999,56965.99,['9.30505643 USDT'],-0.139,-704.29388579 USDT
BINANCE-1-283,BACKTESTER-001,ModelStrategy-000,BTCUSDT.BINANCE,BINANCE-001,O-20240806-230000-001-000-565,O-20240807-010000-001-000-566,SELL,FLAT,0.000000,0.087772,2024-08-06 23:00:00+00:00,1722992400000000000,2024-08-07 01:00:00+00:00,7200000000000.0,56965.99,56501.0,['9.95922464 USDT'],0.00816,30.85387764 USDT
BINANCE-1-284,BACKTESTER-001,ModelStrategy-000,BTCUSDT.BINANCE,BINANCE-001,O-20240807-010000-001-000-567,O-20240813-160000-001-000-568,BUY,FLAT,0.000000,0.088494,2024-08-07 01:00:00+00:00,1723564800000000000,2024-08-13 16:00:00+00:00,572400000000000.0,56501.0,61214.95,['10.41715528 USDT'],0.08343,406.73913602 USDT
BINANCE-1-285,BACKTESTER-001,ModelStrategy-000,BTCUSDT.BINANCE,BINANCE-001,O-20240813-160000-001-000-569,O-20240813-170000-001-000-570,SELL,FLAT,0.000000,0.081679,2024-08-13 16:00:00+00:00,1723568400000000000,2024-08-13 17:00:00+00:00,3600000000000.0,61214.95,60969.39,['9.97989471 USDT'],0.00401,10.07720053 USDT
BINANCE-1-286,BACKTESTER-001,ModelStrategy-000,BTCUSDT.BINANCE,BINANCE-001,O-20240813-170000-001-000-571,O-20240829-210000-001-000-572,BUY,FLAT,0.000000,0.082008,2024-08-13 17:00:00+00:00,1724965200000000000,2024-08-29 21:00:00+00:00,1396800000000000.0,60969.39,59397.0,['9.87100692 USDT'],-0.02579,-138.81956604 USDT
BINANCE-1-287,BACKTESTER-001,ModelStrategy-000,BTCUSDT.BINANCE,BINANCE-001,O-20240829-210000-001-000-573,O-20240829-220000-001-000-574,SELL,FLAT,0.000000,0.084179,2024-08-29 21:00:00+00:00,1724968800000000000,2024-08-29 22:00:00+00:00,3600000000000.0,59397.0,59211.99,['9.98438617 USDT'],0.00311,5.58957062 USDT
BINANCE-1-288,BACKTESTER-001,ModelStrategy-000,BTCUSDT.BINANCE,BINANCE-001,O-20240829-220000-001-000-575,O-20240830-110000-001-000-576,BUY,FLAT,0.000000,0.084442,2024-08-29 22:00:00+00:00,1725015600000000000,2024-08-30 11:00:00+00:00,46800000000000.0,59211.99,59375.0,['10.01372261 USDT'],0.00275,3.75116781 USDT
BINANCE-1-289,BACKTESTER-001,ModelStrategy-000,BTCUSDT.BINANCE,BINANCE-001,O-20240830-110000-001-000-577,O-20240830-120000-001-000-578,SELL,FLAT,0.000000,0.084211,2024-08-30 11:00:00+00:00,1725019200000000000,2024-08-30 12:00:00+00:00,3600000000000.0,59375.0,58901.0,['9.96014024 USDT'],0.00798,29.95587376 USDT
BINANCE-1-290,BACKTESTER-001,ModelStrategy-000,BTCUSDT.BINANCE,BINANCE-001,O-20240830-120000-001-000-579,O-20240912-150000-001-000-580,BUY,FLAT,0.000000,0.084888,2024-08-30 12:00:00+00:00,1726153200000000000,2024-09-12 15:00:00+00:00,1134000000000000.0,58901.0,58410.0,['9.95829617 USDT'],-0.00834,-51.63830417 USDT
BINANCE-1-291,BACKTESTER-001,ModelStrategy-000,BTCUSDT.BINANCE,BINANCE-001,O-20240912-150000-001-000-581,O-20240912-160000-001-000-582,SELL,FLAT,0.000000,0.085602,2024-09-12 15:00:00+00:00,1726156800000000000,2024-09-12 16:00:00+00:00,3600000000000.0,58410.0,58065.99,['9.97057770 USDT'],0.00589,19.47736632 USDT
BINANCE-1-292,BACKTESTER-001,ModelStrategy-000,BTCUSDT.BINANCE,BINANCE-001,O-20240912-160000-001-000-583,O-20240921-080000-001-000-584,BUY,FLAT,0.000000,0.086109,2024-09-12 16:00:00+00:00,1726905600000000000,2024-09-21 08:00:00+00:00,748800000000000.0,58065.99,63118.98,['10.43511658 USDT'],0.08702,424.67279933 USDT
BINANCE-1-293,BACKTESTER-001,ModelStrategy-000,BTCUSDT.BINANCE,BINANCE-001,O-20240921-080000-001-000-585,O-20240921-120000-001-000-586,SELL,FLAT,0.000000,0.079215,2024-09-21 08:00:00+00:00,1726920000000000000,2024-09-21 12:00:00+00:00,14400000000000.0,63118.98,63036.92,['9.99343962 USDT'],0.0013,-3.49305672 USDT
BINANCE-1-294,BACKTESTER-001,ModelStrategy-000,BTCUSDT.BINANCE,BINANCE-001,O-20240921-120000-001-000-587,O-20240924-210000-001-000-588,BUY,FLAT,0.000000,0.079319,2024-09-21 12:00:00+00:00,1727211600000000000,2024-09-24 21:00:00+00:00,291600000000000.0,63036.92,64626.0,['10.12609515 USDT'],0.02521,115.91814137 USDT
BINANCE-1-295,BACKTESTER-001,ModelStrategy-000,BTCUSDT.BINANCE,BINANCE-001,O-20240924-210000-001-000-589,O-20240924-220000-001-000-590,SELL,FLAT,0.000000,0.077368,2024-09-24 21:00:00+00:00,1727215200000000000,2024-09-24 22:00:00+00:00,3600000000000.0,64626.0,64444.0,['9.98588776 USDT'],0.00282,4.09508824 USDT
BINANCE-1-296,BACKTESTER-001,ModelStrategy-000,BTCUSDT.BINANCE,BINANCE-001,O-20240924-220000-001-000-591,,BUY,LONG,0.077587,0.077587,2024-09-24 22:00:00+00:00,1727215200000000000,,,64444.0,,['5.00001663 USDT'],0.0,-5.00001663 USDT
